City_ID,City,Country,Date,Lat,Lng,Max Temp,Humidity,Cloudiness,Wind Speed
0,Llangefni,GB,2022-05-15 21:03:44,53.2556,-4.3106,64.26,81,100,8.05
1,Thompson,CA,2022-05-15 21:03:44,55.7435,-97.8558,35.17,97,100,11.25
2,Mahebourg,MU,2022-05-15 21:01:35,-20.4081,57.7,72.25,82,66,7.83
3,Souillac,MU,2022-05-15 21:03:45,-20.5167,57.5167,74.37,84,89,7.85
4,Victoria,HK,2022-05-15 21:02:57,22.2855,114.1577,69.33,86,100,11.01
5,Castro,BR,2022-05-15 21:01:39,-24.7911,-50.0119,56.55,95,25,5.3
6,Port Elizabeth,ZA,2022-05-15 20:57:51,-33.918,25.5701,62.89,97,0,6.91
7,Busselton,AU,2022-05-15 20:59:06,-33.65,115.3333,51.8,82,5,6.78
8,Albany,US,2022-05-15 21:00:13,42.6001,-73.9662,77.4,90,35,5.17
9,Grinnell,US,2022-05-15 21:03:46,41.743,-92.7224,73.26,49,100,5.75
10,Tasiilaq,GL,2022-05-15 21:03:14,65.6145,-37.6368,35.76,98,100,16.17
11,Byron Bay,AU,2022-05-15 21:03:46,-28.65,153.6167,69.71,94,11,3.4
12,Atuona,PF,2022-05-15 21:03:47,-9.8,-139.0333,78.28,77,12,17.47
13,Comodoro Rivadavia,AR,2022-05-15 21:03:47,-45.8667,-67.5,49.26,63,0,7.94
14,Khatanga,RU,2022-05-15 20:57:49,71.9667,102.5,30.79,94,100,1.54
15,Torbay,CA,2022-05-15 20:55:21,47.6666,-52.7314,39.27,78,20,13.8
16,Karratha,AU,2022-05-15 21:03:48,-20.7377,116.8463,73.8,50,2,10.11
17,Kapaa,US,2022-05-15 21:03:48,22.0752,-159.319,79.48,77,77,5.01
18,Cape Town,ZA,2022-05-15 21:00:46,-33.9258,18.4232,59.11,84,0,5.01
19,Jamestown,US,2022-05-15 21:03:49,42.097,-79.2353,80.53,50,0,14.97
20,Cherskiy,RU,2022-05-15 20:57:56,68.75,161.3,28.85,81,81,7.38
21,Kulynychi,UA,2022-05-15 21:03:49,49.9823,36.3842,50.16,83,64,8.99
22,Punta Arenas,CL,2022-05-15 21:00:43,-53.15,-70.9167,46.11,70,97,6.93
23,Rikitea,PF,2022-05-15 21:02:30,-23.1203,-134.9692,76.96,72,64,19.01
24,Ixtapa,MX,2022-05-15 21:03:50,20.7,-105.2,81.63,57,0,13.8
25,Lakes Entrance,AU,2022-05-15 21:03:50,-37.8811,147.981,50.16,76,55,8.19
26,Traverse City,US,2022-05-15 21:00:09,44.7631,-85.6206,69.91,45,56,6.15
27,Shingu,JP,2022-05-15 21:00:05,33.7333,135.9833,57.58,89,100,2.21
28,Bilma,NE,2022-05-15 21:03:51,18.6853,12.9164,83.95,14,0,9.78
29,Olinda,BR,2022-05-15 21:00:14,-8.0089,-34.8553,78.91,83,99,7.92
30,Kaitangata,NZ,2022-05-15 21:03:51,-46.2817,169.8464,43.48,92,11,4.16
31,Rengo,CL,2022-05-15 21:03:52,-34.4167,-70.8667,72.27,21,47,2.53
32,Aras,ES,2022-05-15 21:03:52,42.5617,-2.356,64.81,60,0,4.61
33,Kodiak,US,2022-05-15 20:52:49,57.79,-152.4072,53.11,37,100,6.91
34,New Norfolk,AU,2022-05-15 21:03:53,-42.7826,147.0587,47.7,81,56,1.01
35,Tuktoyaktuk,CA,2022-05-15 21:03:53,69.4541,-133.0374,34.72,86,99,12.17
36,Saskylakh,RU,2022-05-15 21:03:53,71.9167,114.0833,33.37,100,100,4.76
37,Sinnamary,GF,2022-05-15 21:03:54,5.3833,-52.95,79.81,90,100,10.98
38,Astana,KZ,2022-05-15 21:03:54,51.1801,71.446,53.55,66,88,6.71
39,Nikolayevsk-Na-Amure,RU,2022-05-15 21:03:55,53.1406,140.73,35.19,99,99,4.38
40,Cidreira,BR,2022-05-15 20:59:01,-30.1811,-50.2056,62.08,87,100,15.82
41,Mataura,NZ,2022-05-15 21:03:55,-46.1927,168.8643,37.47,94,12,2.8
42,Saint-Augustin,CA,2022-05-15 21:04:55,51.226,-58.6502,44.17,53,60,11.1
43,Hammerfest,NO,2022-05-15 21:00:20,70.6634,23.6821,37.85,100,75,11.5
44,Tiquicheo,MX,2022-05-15 21:04:56,18.8833,-100.7333,104.85,20,37,6.96
45,Hobart,AU,2022-05-15 21:00:03,-42.8794,147.3294,48.06,82,75,10.36
46,Yar-Sale,RU,2022-05-15 21:04:56,66.8333,70.8333,37.47,95,48,7.72
47,Ribeira Grande,PT,2022-05-15 21:04:57,38.5167,-28.7,63.0,82,75,29.93
48,Eenhana,NA,2022-05-15 21:04:57,-17.4667,16.3333,70.09,29,91,6.82
49,Nikolskoye,RU,2022-05-15 21:04:58,59.7035,30.7861,44.49,89,53,6.6
50,Bintulu,MY,2022-05-15 21:04:58,3.1667,113.0333,79.03,87,81,2.95
51,Adrar,MR,2022-05-15 21:02:25,20.5022,-10.0711,91.13,10,62,10.67
52,Bluff,NZ,2022-05-15 21:04:59,-46.6,168.3333,37.8,85,11,8.41
53,Arlit,NE,2022-05-15 21:04:59,18.7369,7.3853,88.41,13,0,16.15
54,Bredasdorp,ZA,2022-05-15 21:04:59,-34.5322,20.0403,55.78,90,0,2.64
55,Hermanus,ZA,2022-05-15 21:05:00,-34.4187,19.2345,59.41,76,0,9.66
56,Butaritari,KI,2022-05-15 21:05:00,3.0707,172.7902,80.89,77,6,11.39
57,Ushuaia,AR,2022-05-15 21:02:55,-54.8,-68.3,41.63,83,100,10.02
58,Thinadhoo,MV,2022-05-15 21:05:01,0.5333,72.9333,83.86,71,96,16.64
59,Tutoia,BR,2022-05-15 21:05:01,-2.7619,-42.2744,79.03,88,67,9.08
60,Cabo San Lucas,MX,2022-05-15 21:00:11,22.8909,-109.9124,86.61,50,93,10.45
61,Babstovo,RU,2022-05-15 21:05:02,48.1167,132.4833,44.28,63,62,5.57
62,Hilo,US,2022-05-15 20:59:00,19.7297,-155.09,84.27,79,11,8.01
63,Qaanaaq,GL,2022-05-15 21:05:02,77.484,-69.3632,25.74,68,100,3.4
64,Esperance,AU,2022-05-15 21:05:03,-33.8667,121.9,49.84,75,99,3.22
65,Moussoro,TD,2022-05-15 21:05:03,13.6408,16.4901,89.2,17,28,10.22
66,Araouane,ML,2022-05-15 21:05:03,18.9048,-3.5265,85.71,8,3,2.8
67,Ouallam,NE,2022-05-15 21:05:04,14.3188,2.0866,93.76,25,75,3.22
68,Viedma,AR,2022-05-15 21:05:04,-40.8135,-62.9967,53.15,74,97,21.61
69,Coos Bay,US,2022-05-15 21:00:16,43.3665,-124.2179,70.0,87,100,17.27
70,Vaini,TO,2022-05-15 21:05:05,-21.2,-175.2,77.16,73,40,9.22
71,Tiksi,RU,2022-05-15 21:05:05,71.6872,128.8694,5.31,99,95,2.91
72,Mount Gambier,AU,2022-05-15 21:05:06,-37.8333,140.7667,53.26,63,100,12.64
73,Xunchang,CN,2022-05-15 21:05:06,28.4543,104.715,51.89,93,100,1.01
74,Kashi,CN,2022-05-15 21:05:06,39.4547,75.9797,62.73,57,100,5.28
75,Coahuayana,MX,2022-05-15 21:05:07,18.7333,-103.6833,91.51,34,46,8.25
76,Iralaya,HN,2022-05-15 21:05:07,15.0,-83.2333,84.09,69,17,7.81
77,Waingapu,ID,2022-05-15 21:05:08,-9.6567,120.2641,75.88,84,6,6.02
78,San Diego,US,2022-05-15 21:05:08,32.7153,-117.1573,92.48,70,75,11.5
79,The Pas,CA,2022-05-15 21:05:09,53.8251,-101.2541,41.31,76,100,13.98
80,Labytnangi,RU,2022-05-15 21:00:26,66.6572,66.4183,43.05,93,100,7.78
81,Upernavik,GL,2022-05-15 21:05:09,72.7868,-56.1549,19.85,80,13,7.7
82,Freeport,US,2022-05-15 21:05:10,40.6576,-73.5832,78.15,73,0,11.5
83,Yeppoon,AU,2022-05-15 20:55:20,-23.1333,150.7333,67.78,90,77,6.29
84,Paita,PE,2022-05-15 21:05:10,-5.0892,-81.1144,70.14,74,84,12.95
85,Kavieng,PG,2022-05-15 21:05:11,-2.5744,150.7967,81.23,70,100,4.29
86,Salalah,OM,2022-05-15 21:05:11,17.0151,54.0924,82.49,74,0,2.3
87,Cockburn Town,TC,2022-05-15 21:05:11,21.4612,-71.1419,79.21,79,96,17.9
88,Iwaki,JP,2022-05-15 21:06:12,37.05,140.8833,54.77,93,100,4.54
89,Tahlequah,US,2022-05-15 21:06:12,35.9154,-94.97,88.88,47,40,19.57
90,Mutis,CO,2022-05-15 21:06:13,6.2262,-77.4044,82.62,79,92,5.99
91,Khonsa,IN,2022-05-15 21:06:13,27.0167,95.5667,65.26,97,100,3.96
92,Chimoio,MZ,2022-05-15 21:06:13,-19.1164,33.4833,62.46,100,20,3.58
93,Nuevo Progreso,MX,2022-05-15 21:06:14,23.1667,-97.95,91.54,46,0,5.01
94,Boddam,GB,2022-05-15 21:06:14,57.4667,-1.7833,48.58,91,74,12.68
95,Hithadhoo,MV,2022-05-15 21:06:15,-0.6,73.0833,83.26,73,83,12.59
96,Kirovsk,UA,2022-05-15 21:06:15,48.6375,38.6428,48.63,89,13,8.93
97,Puerto Ayora,EC,2022-05-15 21:06:15,-0.7393,-90.3518,82.36,93,77,3.0
98,Oriximina,BR,2022-05-15 21:06:16,-1.7656,-55.8661,79.0,92,100,3.78
99,Yellowknife,CA,2022-05-15 21:06:16,62.456,-114.3525,53.56,34,100,11.99
100,Coquimbo,CL,2022-05-15 21:01:27,-29.9533,-71.3436,57.69,85,18,3.15
101,Provideniya,RU,2022-05-15 21:06:17,64.3833,-173.3,39.36,70,100,18.01
102,Avera,US,2022-05-15 21:06:17,33.194,-82.5271,89.55,40,85,6.67
103,Terme,TR,2022-05-15 21:06:17,41.2092,36.9739,53.53,84,100,8.39
104,Tura,IN,2022-05-15 21:06:18,25.5198,90.2201,72.93,98,99,6.46
105,Naples,IT,2022-05-15 21:03:39,40.8333,14.25,68.27,80,0,4.61
106,Mar Del Plata,AR,2022-05-15 20:54:34,-38.0023,-57.5575,51.94,85,88,3.0
107,Natal,BR,2022-05-15 21:06:19,-5.795,-35.2094,79.45,94,40,3.44
108,Kavaratti,IN,2022-05-15 21:06:19,10.5669,72.642,81.39,79,100,17.52
109,Ayan,RU,2022-05-15 21:06:19,56.45,138.1667,33.55,92,100,5.77
110,Clyde River,CA,2022-05-15 20:59:02,70.4692,-68.5914,28.63,80,75,11.5
111,Ilulissat,GL,2022-05-15 20:59:05,69.2167,-51.1,26.11,72,2,3.85
112,Neropolis,BR,2022-05-15 21:06:20,-16.4064,-49.2186,81.48,48,84,3.69
113,Freetown,SL,2022-05-15 21:06:20,8.484,-13.2299,81.16,88,27,10.13
114,Geraldton,AU,2022-05-15 20:57:50,-28.7667,114.6,54.01,87,0,11.5
115,Hyeres,FR,2022-05-15 21:06:21,43.1167,6.1167,68.67,94,0,3.44
116,Saint-Philippe,RE,2022-05-15 21:06:21,-21.3585,55.7679,72.99,80,48,10.47
117,Severo-Kurilsk,RU,2022-05-15 20:59:04,50.6789,156.125,35.85,99,100,16.42
118,Redmond,US,2022-05-15 21:02:30,47.674,-122.1215,58.86,87,100,4.0
119,Kharovsk,RU,2022-05-15 21:06:22,59.9642,40.1912,44.53,98,100,6.69
120,Toktogul,KG,2022-05-15 21:06:22,41.8708,72.9402,56.8,70,12,3.29
121,Lompoc,US,2022-05-15 21:06:23,34.6391,-120.4579,81.57,72,100,16.11
122,Paramonga,PE,2022-05-15 21:06:23,-10.6667,-77.8333,67.42,75,66,8.9
123,Ersekvadkert,HU,2022-05-15 21:06:24,47.9962,19.2023,59.2,74,2,3.94
124,La Ronge,CA,2022-05-15 21:06:24,55.1001,-105.2842,46.62,57,75,16.11
125,Toro,CO,2022-05-15 21:06:24,4.6117,-76.0814,84.88,73,99,4.23
126,Skovorodino,RU,2022-05-15 21:06:25,53.9833,123.9167,33.67,65,100,2.42
127,Faanui,PF,2022-05-15 21:06:25,-16.4833,-151.75,80.29,67,43,6.24
128,Grindavik,IS,2022-05-15 21:06:26,63.8424,-22.4338,48.67,100,100,24.16
129,Sao Sebastiao,BR,2022-05-15 21:03:24,-23.76,-45.4097,71.42,90,25,3.24
130,Codrington,AU,2022-05-15 21:00:23,-38.2667,141.9667,52.52,75,100,15.43
131,Kamalpur,IN,2022-05-15 21:06:26,24.2,91.8333,75.58,99,100,2.42
132,Daoukro,CI,2022-05-15 21:06:27,7.0591,-3.9631,76.32,94,100,3.96
133,Maceio,BR,2022-05-15 21:06:27,-9.6658,-35.7353,78.24,83,0,3.44
134,Hambantota,LK,2022-05-15 20:57:58,6.1241,81.1185,79.5,86,62,17.18
135,Monte Patria,CL,2022-05-15 21:07:28,-30.6919,-70.9467,72.25,36,0,5.03
136,Amnat Charoen,TH,2022-05-15 21:07:28,15.9167,104.75,78.58,89,100,4.83
137,Morant Bay,JM,2022-05-15 21:07:29,17.8815,-76.4093,86.7,81,100,10.49
138,East London,ZA,2022-05-15 21:05:48,-33.0153,27.9116,62.76,85,0,9.17
139,Boshnyakovo,RU,2022-05-15 21:07:30,49.6333,142.1667,39.6,90,55,12.77
140,Lorengau,PG,2022-05-15 21:07:30,-2.0226,147.2712,79.74,73,100,2.37
141,Longyearbyen,SJ,2022-05-15 21:07:31,78.2186,15.6401,30.04,80,75,4.61
142,Georgetown,MY,2022-05-15 21:07:31,5.4112,100.3354,80.53,89,40,5.75
143,Bardstown,US,2022-05-15 21:07:32,37.8092,-85.4669,86.61,44,0,0.0
144,Sistranda,NO,2022-05-15 21:07:33,63.7256,8.834,42.76,63,62,10.49
145,Tual,ID,2022-05-15 20:57:49,-5.6667,132.75,82.24,75,100,9.01
146,Rockland,US,2022-05-15 21:07:33,41.1668,-74.0496,81.45,66,30,1.99
147,Chato,TZ,2022-05-15 21:07:34,-2.6378,31.7669,68.31,86,91,3.53
148,Opuwo,NA,2022-05-15 21:07:34,-18.0607,13.84,68.43,33,68,1.7
149,George,ZA,2022-05-15 21:07:35,-33.963,22.4617,53.15,87,0,5.75
150,Gigmoto,PH,2022-05-15 21:07:36,13.7796,124.39,79.59,84,99,5.01
151,Hobyo,SO,2022-05-15 21:07:36,5.3505,48.5268,80.44,81,53,20.62
152,Kyra,RU,2022-05-15 21:07:37,49.5776,111.9753,43.47,42,100,5.5
153,Lokosovo,RU,2022-05-15 21:07:37,61.1333,74.8167,50.5,76,54,7.34
154,Dudinka,RU,2022-05-15 21:07:38,69.4058,86.1778,31.46,100,100,3.51
155,Mandalgovi,MN,2022-05-15 21:07:39,45.7625,106.2708,48.81,26,97,3.74
156,Kyren,RU,2022-05-15 21:07:39,51.6828,102.1408,52.2,38,72,2.91
157,Port Alfred,ZA,2022-05-15 21:07:40,-33.5906,26.891,58.17,94,0,11.86
158,Avarua,CK,2022-05-15 21:07:40,-21.2078,-159.775,82.45,61,75,3.44
159,Kununurra,AU,2022-05-15 21:07:41,-15.7667,128.7333,69.78,94,0,0.0
160,Ayia Paraskevi,GR,2022-05-15 21:07:41,40.4833,23.05,72.75,66,20,4.61
161,Arraial Do Cabo,BR,2022-05-15 21:07:42,-22.9661,-42.0278,75.06,73,75,10.36
162,Honningsvag,NO,2022-05-15 21:07:42,70.9821,25.9704,38.95,87,75,10.36
163,Barrow,US,2022-05-15 21:07:31,71.2906,-156.7887,30.22,86,0,6.91
164,Ust-Kuyga,RU,2022-05-15 21:07:42,70.0167,135.6,17.69,86,75,4.52
165,Upata,VE,2022-05-15 21:06:14,8.0086,-62.3989,77.2,71,100,7.87
166,Honiara,SB,2022-05-15 21:07:43,-9.4333,159.95,79.45,81,6,2.66
167,Egvekinot,RU,2022-05-15 21:07:43,66.3167,-179.1667,29.01,87,100,1.59
168,Belmonte,BR,2022-05-15 21:07:44,-15.8631,-38.8828,75.65,80,100,5.97
169,Angoche,MZ,2022-05-15 21:07:44,-16.2325,39.9086,72.52,77,0,5.1
170,Panaba,MX,2022-05-15 21:07:45,21.2833,-88.2667,88.45,35,0,15.79
171,Pran Buri,TH,2022-05-15 21:07:45,12.3847,99.9098,85.98,72,90,5.91
172,Berezovyy,RU,2022-05-15 21:07:46,51.6667,135.7,39.27,81,100,3.78
173,Chara,RU,2022-05-15 21:07:46,56.9064,118.2631,38.21,87,100,7.09
174,Alexandria,EG,2022-05-15 21:06:19,31.2156,29.9553,66.81,79,0,6.96
175,Poum,NC,2022-05-15 21:00:16,-20.2333,164.0167,76.8,71,34,14.99
176,Zdvinsk,RU,2022-05-15 21:07:46,54.7021,78.661,56.03,53,50,7.18
177,Kanigoro,ID,2022-05-15 21:07:47,-8.13,112.219,73.08,95,22,3.67
178,Rincon,US,2022-05-15 21:07:47,32.296,-81.2354,82.85,83,75,12.66
179,Ferrol,ES,2022-05-15 21:07:48,43.4832,-8.2369,65.35,77,100,15.19
180,Pokhara,NP,2022-05-15 21:03:02,28.2333,83.9833,73.51,55,0,6.62
181,Oktyabrskiy,RU,2022-05-15 21:07:48,54.4815,53.471,49.42,92,100,3.78
182,Agutaya,PH,2022-05-15 21:08:49,11.148,120.9417,82.13,74,100,6.13
183,Airai,TL,2022-05-15 21:08:49,-8.9266,125.4092,58.91,93,21,1.54
184,Anloga,GH,2022-05-15 21:08:50,5.7947,0.8973,82.54,81,54,10.71
185,De Aar,ZA,2022-05-15 21:08:51,-30.6497,24.0123,55.63,28,0,5.37
186,Arrecife,ES,2022-05-15 21:08:51,28.963,-13.5477,69.78,68,20,11.5
187,Lavrentiya,RU,2022-05-15 21:08:52,65.5833,-171.0,32.23,79,42,11.83
188,Lethem,GY,2022-05-15 21:08:53,3.3803,-59.7968,87.03,59,88,3.74
189,Hasaki,JP,2022-05-15 21:08:53,35.7333,140.8333,57.6,78,100,14.16
190,Heihe,CN,2022-05-15 21:08:54,50.2441,127.4902,39.78,39,23,13.24
191,Goderich,CA,2022-05-15 21:08:55,43.7501,-81.7165,56.91,81,100,4.16
192,Itarema,BR,2022-05-15 21:08:56,-2.9248,-39.9167,79.23,85,86,11.16
193,Kutum,SD,2022-05-15 21:08:56,14.2,24.6667,74.12,50,90,18.25
194,Timra,SE,2022-05-15 21:08:57,62.487,17.3257,44.28,49,0,17.27
195,Kruisfontein,ZA,2022-05-15 21:08:57,-34.0033,24.7314,55.54,76,0,4.61
196,Chino Valley,US,2022-05-15 21:08:58,34.7575,-112.4538,95.74,12,0,16.11
197,Bajah,YE,2022-05-15 21:08:59,13.8141,44.6301,78.89,34,0,3.15
198,Vila,PT,2022-05-15 21:08:59,42.0304,-8.1588,52.68,96,38,6.46
199,Bengkulu,ID,2022-05-15 21:09:00,-3.8004,102.2655,75.96,90,94,2.19
200,Laguna,US,2022-05-15 21:09:00,38.421,-121.4238,93.76,36,0,11.5
201,Yinchuan,CN,2022-05-15 21:08:19,38.4681,106.2731,57.43,9,0,7.61
202,Paracuru,BR,2022-05-15 21:09:01,-3.41,-39.0306,82.11,87,100,9.13
203,Mahajanga,MG,2022-05-15 21:09:01,-15.7167,46.3167,73.42,83,20,3.44
204,Abu Samrah,SY,2022-05-15 21:09:02,35.3029,37.1841,62.65,65,0,14.12
205,Bandarbeyla,SO,2022-05-15 21:09:02,9.4942,50.8122,81.72,85,26,20.89
206,Bethel,US,2022-05-15 21:09:03,41.3712,-73.414,80.02,67,75,8.05
207,Sur,OM,2022-05-15 21:09:05,22.5667,59.5289,84.27,53,0,7.87
208,Petropavlovsk-Kamchatskiy,RU,2022-05-15 21:09:05,53.0452,158.6483,36.19,100,100,13.42
209,Sobolevo,RU,2022-05-15 21:09:06,54.4299,31.8996,41.76,84,13,9.46
210,Lebu,CL,2022-05-15 21:09:07,-37.6167,-73.65,56.8,58,100,4.09
211,Tuatapere,NZ,2022-05-15 21:09:07,-46.1333,167.6833,45.61,77,5,4.09
212,Seoul,KR,2022-05-15 21:05:28,37.5683,126.9778,49.44,59,0,3.69
213,Totness,SR,2022-05-15 21:09:08,5.8833,-56.3167,79.52,89,100,10.76
214,Rawson,AR,2022-05-15 21:09:08,-43.3002,-65.1023,51.24,70,31,16.58
215,Surt,LY,2022-05-15 21:09:09,31.2089,16.5887,70.68,43,0,13.22
216,Trenggalek,ID,2022-05-15 21:09:09,-8.05,111.7167,76.01,94,41,2.3
217,Luanda,AO,2022-05-15 21:09:10,-8.8368,13.2343,76.17,87,7,8.41
218,Lovington,US,2022-05-15 21:09:10,32.944,-103.3485,99.32,5,0,3.0
219,Moree,AU,2022-05-15 21:04:15,-29.4667,149.85,66.22,94,100,5.75
220,Harper,LR,2022-05-15 21:09:11,4.375,-7.7169,79.39,87,100,7.09
221,Fare,PF,2022-05-15 21:09:12,-16.7,-151.0167,79.95,70,31,4.36
222,Oudtshoorn,ZA,2022-05-15 21:09:12,-33.5907,22.2014,59.85,42,0,3.69
223,Roma,US,2022-05-15 21:07:52,43.2128,-75.4557,78.94,55,40,5.75
224,Bani Walid,LY,2022-05-15 21:09:13,31.7566,13.9942,74.32,23,6,7.38
225,Belyy Yar,RU,2022-05-15 21:09:13,53.6039,91.3903,62.49,48,0,4.47
226,Sitka,US,2022-05-15 21:08:40,57.0531,-135.33,55.29,44,75,11.5
227,Otjimbingwe,NA,2022-05-15 21:10:14,-22.35,16.1333,70.79,22,0,8.48
228,Abha,SA,2022-05-15 21:10:14,18.2164,42.5053,66.45,5,0,9.22
229,Toul,FR,2022-05-15 21:10:15,48.6667,5.9167,68.92,60,0,6.91
230,Katherine,AU,2022-05-15 21:00:29,-14.4667,132.2667,64.72,63,0,3.44
231,Komsomolskiy,UZ,2022-05-15 21:10:15,40.4272,71.7189,65.32,53,34,1.95
232,Cayenne,GF,2022-05-15 21:10:16,4.9333,-52.3333,80.1,1,75,3.44
233,Chokurdakh,RU,2022-05-15 21:10:16,70.6333,147.9167,16.86,89,99,8.32
234,Brae,GB,2022-05-15 21:10:17,60.3964,-1.353,49.84,89,94,7.02
235,Ancud,CL,2022-05-15 21:10:17,-41.8697,-73.8203,50.74,71,100,8.72
236,Taltal,CL,2022-05-15 21:10:19,-25.4,-70.4833,62.22,75,78,5.95
237,Burnie,AU,2022-05-15 21:10:19,-41.0667,145.9167,48.92,85,85,19.44
238,Katsuura,JP,2022-05-15 21:10:19,35.1333,140.3,61.07,94,100,5.7
239,Aklavik,CA,2022-05-15 21:10:20,68.2191,-135.0107,31.82,98,100,6.69
240,Dubbo,AU,2022-05-15 21:10:20,-32.25,148.6167,48.33,92,100,4.61
241,Pisco,PE,2022-05-15 21:10:21,-13.7,-76.2167,64.45,82,8,9.22
242,Nalut,LY,2022-05-15 21:10:21,30.3333,10.85,77.59,15,5,7.94
243,Ulu-Telyak,RU,2022-05-15 21:10:22,54.9086,56.9669,46.58,95,98,4.27
244,Manhattan,US,2022-05-15 21:10:22,40.7834,-73.9662,82.62,70,0,17.0
245,Krasnoyarka,RU,2022-05-15 21:10:23,55.3333,73.1167,57.15,54,100,6.91
246,Sorland,NO,2022-05-15 21:10:23,67.667,12.6934,40.86,71,100,20.02
247,Dvinskoy,RU,2022-05-15 21:10:23,62.1535,45.1175,44.46,97,98,2.89
248,Darnah,LY,2022-05-15 21:10:24,32.767,22.6367,66.15,73,0,13.02
249,Antofagasta,CL,2022-05-15 21:08:59,-23.65,-70.4,61.88,73,91,7.11
250,Aldama,MX,2022-05-15 21:10:24,22.9167,-98.0667,87.8,39,0,13.56
251,Norman Wells,CA,2022-05-15 21:10:25,65.282,-126.8329,55.96,51,100,16.13
252,Middelburg,ZA,2022-05-15 21:10:25,-25.7751,29.4648,52.72,85,0,6.6
253,Taboga,IT,2022-05-15 21:10:26,46.2663,13.1092,68.9,73,98,3.09
254,Ahipara,NZ,2022-05-15 21:10:26,-35.1667,173.1667,65.98,85,89,12.33
255,Saint-Georges,GD,2022-05-15 21:08:58,12.0564,-61.7485,81.39,77,40,15.26
256,Ponta Do Sol,PT,2022-05-15 21:10:27,32.6667,-17.1,69.01,81,5,4.16
257,Mahibadhoo,MV,2022-05-15 21:10:27,3.7833,72.9667,83.46,76,100,19.28
258,Saint-Joseph,RE,2022-05-15 21:10:28,-21.3667,55.6167,71.98,79,26,10.96
259,Tombouctou,ML,2022-05-15 21:10:28,20.0,-3.0,88.5,9,0,7.43
260,San Cristobal,VE,2022-05-15 21:10:31,7.7669,-72.225,80.78,61,100,5.44
261,Mujiayingzi,CN,2022-05-15 21:10:31,42.1167,118.7833,48.38,48,58,6.69
262,Atambua,ID,2022-05-15 21:10:32,-9.1061,124.8925,72.27,90,42,3.18
263,Rio Grande,BR,2022-05-15 21:10:32,-32.035,-52.0986,57.31,64,100,14.63
264,Sydney,AU,2022-05-15 21:05:44,-33.8679,151.2073,58.3,80,0,8.05
265,Meadow Lake,US,2022-05-15 21:10:33,34.8014,-106.5436,93.22,6,0,11.25
266,Port Macquarie,AU,2022-05-15 21:10:33,-31.4333,152.9167,66.88,89,89,7.31
267,Hamilton,US,2022-05-15 21:10:34,39.1834,-84.5333,87.62,36,0,6.91
268,Soyo,AO,2022-05-15 21:10:34,-6.1349,12.3689,77.94,87,81,6.69
269,Port Hardy,CA,2022-05-15 21:10:35,50.6996,-127.4199,48.49,93,100,11.14
270,Verkhoyansk,RU,2022-05-15 21:10:35,67.5447,133.385,23.25,85,100,5.3
271,Warmbad,NA,2022-05-15 21:11:36,-28.45,18.7333,64.04,17,0,12.71
272,Redlands,US,2022-05-15 21:08:30,34.0556,-117.1825,94.55,17,75,1.01
273,Saint George,US,2022-05-15 21:08:26,37.1041,-113.5841,97.43,6,0,5.99
274,Portland,US,2022-05-15 21:08:26,45.5234,-122.6762,66.87,87,100,3.44
275,Arman,RU,2022-05-15 21:11:36,59.7,150.1667,36.68,94,100,12.35
276,Kuruman,ZA,2022-05-15 21:11:37,-27.4524,23.4325,59.45,37,0,6.4
277,Chuy,UY,2022-05-15 21:11:37,-33.6971,-53.4616,54.27,58,17,7.05
278,Kaihua,CN,2022-05-15 21:11:38,23.3687,104.28,53.85,85,100,7.29
279,Sindor,RU,2022-05-15 21:11:39,62.8629,51.8905,45.77,93,100,2.04
280,Ponto Novo,BR,2022-05-15 21:11:39,-10.8628,-40.1336,81.59,44,74,5.88
281,Safita,SY,2022-05-15 21:11:39,34.8205,36.1153,61.48,79,9,13.38
282,Newport,GB,2022-05-15 21:11:40,51.5877,-2.9984,59.77,89,100,6.71
283,Meulaboh,ID,2022-05-15 21:11:40,4.1363,96.1285,76.14,87,99,3.65
284,Matara,LK,2022-05-15 21:11:41,5.9485,80.5353,78.87,90,74,12.48
285,Bowen,AU,2022-05-15 21:11:41,-20.0167,148.2333,71.01,84,0,4.88
286,Paris,FR,2022-05-15 21:11:17,48.8534,2.3488,67.14,88,75,8.05
287,Auki,SB,2022-05-15 21:11:42,-8.7676,160.7034,80.28,78,27,1.07
288,Kem,RU,2022-05-15 21:11:42,64.9555,34.5793,38.03,96,100,4.97
289,Tumpat,MY,2022-05-15 21:11:42,6.1978,102.171,79.16,86,92,3.58
290,Blyth,GB,2022-05-15 21:11:43,55.1271,-1.5086,53.08,90,75,8.05
291,Zelenoborskiy,RU,2022-05-15 21:11:43,66.845,32.3622,40.6,76,99,1.97
292,Oistins,BB,2022-05-15 21:11:44,13.0667,-59.5333,82.49,83,75,18.41
293,Vila Velha,BR,2022-05-15 21:11:44,-20.3297,-40.2925,76.95,69,0,9.22
294,Varnsdorf,CZ,2022-05-15 21:11:44,50.9115,14.6182,55.15,83,3,2.75
295,Izumo,JP,2022-05-15 21:11:45,35.3667,132.7667,55.96,82,100,2.01
296,Outlook,CA,2022-05-15 21:11:45,51.5001,-107.0513,64.24,29,72,13.85
297,Jiangyou,CN,2022-05-15 21:11:46,31.7667,104.7167,57.51,85,49,3.53
298,Mao,ES,2022-05-15 21:11:46,39.8885,4.2658,64.96,77,20,5.75
299,Saldanha,ZA,2022-05-15 21:11:47,-33.0117,17.9442,61.56,56,0,9.35
300,Saint Anthony,US,2022-05-15 21:10:45,45.0205,-93.218,73.8,32,40,21.85
301,Tautira,PF,2022-05-15 21:11:47,-17.7333,-149.15,80.49,75,57,14.79
302,Hami,CN,2022-05-15 21:11:47,42.8,93.45,65.61,8,70,8.21
303,Fortuna,US,2022-05-15 21:11:48,40.5982,-124.1573,65.93,79,100,6.91
304,Labuhan,ID,2022-05-15 21:11:48,-6.8844,112.2051,77.97,88,37,7.76
305,Hovd,MN,2022-05-15 21:11:49,48.0056,91.6419,58.66,21,100,5.19
306,Changping,CN,2022-05-15 21:11:49,40.2186,116.2197,47.84,22,0,7.58
307,Ercis,TR,2022-05-15 21:11:50,39.0287,43.3586,49.87,87,85,7.36
308,Castlemaine,AU,2022-05-15 21:11:50,-37.0667,144.2167,50.29,98,65,6.76
309,Mandi Bahauddin,PK,2022-05-15 21:11:50,32.5834,73.4843,91.27,9,28,3.27
310,Salta,AR,2022-05-15 21:09:13,-24.7859,-65.4117,52.39,92,40,6.91
311,El Alto,PE,2022-05-15 21:11:51,-4.2714,-81.2147,71.26,78,96,13.58
312,Vanimo,PG,2022-05-15 21:11:51,-2.6741,141.3028,79.07,81,100,1.68
313,Dikson,RU,2022-05-15 21:11:52,73.5069,80.5464,31.91,95,100,10.89
314,Leningradskiy,RU,2022-05-15 21:11:52,69.3833,178.4167,23.85,84,98,2.55
315,Klaksvik,FO,2022-05-15 21:11:53,62.2266,-6.589,47.32,92,94,10.2
316,Sola,VU,2022-05-15 21:11:53,-13.8833,167.55,80.35,73,100,15.7
317,Hirado,JP,2022-05-15 21:12:53,33.3597,129.5531,56.39,63,100,9.78
318,Ottersberg,DE,2022-05-15 21:12:54,53.1,9.15,60.71,85,30,9.64
319,Kjollefjord,NO,2022-05-15 21:12:54,70.9457,27.3465,39.25,87,75,4.61
320,Te Anau,NZ,2022-05-15 21:12:55,-45.4167,167.7167,45.05,81,12,0.74
321,Neuquen,AR,2022-05-15 21:09:15,-38.9516,-68.0591,57.09,35,0,4.61
322,Sao Joao Da Barra,BR,2022-05-15 21:12:55,-21.6403,-41.0511,77.09,79,74,18.63
323,Daru,PG,2022-05-15 21:12:56,-9.0763,143.2092,75.65,83,34,4.99
324,Alugan,PH,2022-05-15 21:12:56,12.2188,125.4808,79.61,84,83,6.53
325,Mikkeli,FI,2022-05-15 21:12:57,61.6886,27.2723,46.51,76,0,3.44
326,Formosa,AR,2022-05-15 21:12:57,-26.1775,-58.1781,66.18,68,40,10.36
327,Vila Franca Do Campo,PT,2022-05-15 21:12:58,37.7167,-25.4333,65.19,84,85,25.59
328,Bahia Blanca,AR,2022-05-15 21:10:08,-38.7196,-62.2724,53.44,71,100,16.13
329,Broome,US,2022-05-15 21:12:58,42.2506,-75.833,74.19,74,0,8.05
330,Genhe,CN,2022-05-15 21:12:59,50.7833,121.5167,33.82,65,9,2.1
331,Batsfjord,NO,2022-05-15 21:12:59,70.6345,29.7185,39.13,93,75,11.5
332,Nouadhibou,MR,2022-05-15 21:13:00,20.931,-17.0347,69.87,68,92,26.64
333,Carnarvon,AU,2022-05-15 21:13:00,-24.8667,113.6333,65.97,41,0,11.97
334,Samfya,ZM,2022-05-15 21:13:01,-11.3649,29.5565,60.17,71,2,7.45
335,Charters Towers,AU,2022-05-15 21:12:18,-20.1,146.2667,66.56,73,0,5.48
336,Shelkovskaya,RU,2022-05-15 21:13:01,43.5069,46.3392,63.64,74,100,8.32
337,Santa Cruz,BO,2022-05-15 21:13:02,-17.8,-63.1667,73.45,56,75,17.27
338,Baruun-Urt,MN,2022-05-15 21:13:02,46.6806,113.2792,46.76,39,37,7.38
339,Ostrovnoy,RU,2022-05-15 21:13:02,68.0531,39.5131,34.66,87,99,5.23
340,Mae Hong Son,TH,2022-05-15 21:13:03,19.3003,97.9685,75.0,87,90,0.89
341,Nome,US,2022-05-15 21:13:03,64.5011,-165.4064,38.1,75,100,5.75
342,Faya,SA,2022-05-15 21:13:04,18.3851,42.4509,66.72,12,4,7.07
343,Vung Tau,VN,2022-05-15 21:13:04,10.346,107.0843,83.44,79,100,7.7
344,Haskovo,BG,2022-05-15 21:13:04,41.9403,25.5694,60.8,91,100,2.26
345,Kholtoson,RU,2022-05-15 21:13:05,50.2981,103.3097,45.21,39,45,3.22
346,Atasu,KZ,2022-05-15 21:13:05,48.6814,71.6433,59.16,48,100,5.91
347,Chabahar,IR,2022-05-15 21:13:06,25.2919,60.643,82.38,75,0,5.5
348,Guerrero Negro,MX,2022-05-15 21:13:06,27.9769,-114.0611,75.81,42,100,16.2
349,Kamenka,RU,2022-05-15 21:13:07,51.3223,42.7678,45.97,95,50,9.13
350,Axim,GH,2022-05-15 21:13:07,4.8699,-2.2405,80.53,84,37,7.63
351,Chamonix-Mont-Blanc,FR,2022-05-15 21:13:08,45.9238,6.8693,57.9,84,100,4.27
352,Jensen Beach,US,2022-05-15 21:13:08,27.2545,-80.2298,87.08,65,40,16.11
353,Krasnoselkup,RU,2022-05-15 21:13:09,65.7,82.4667,50.95,98,100,3.51
354,Iquitos,PE,2022-05-15 21:13:09,-3.7481,-73.2472,86.04,62,40,4.61
355,Bismarck,US,2022-05-15 21:11:11,46.8083,-100.7837,69.66,31,40,26.46
356,Teknaf,BD,2022-05-15 21:13:10,20.8624,92.3058,81.79,86,65,7.02
357,Wasilla,US,2022-05-15 21:11:09,61.5814,-149.4394,55.65,42,0,5.75
358,Tshikapa,CD,2022-05-15 21:13:10,-6.4167,20.8,77.88,52,66,0.67
359,Kifri,IQ,2022-05-15 21:13:11,34.6959,44.9661,86.23,21,7,7.94
360,San Patricio,US,2022-05-15 21:14:11,28.017,-97.5169,95.16,43,0,16.8
361,Cabrobo,BR,2022-05-15 21:14:12,-8.5142,-39.31,84.6,47,100,5.79
362,Anadyr,RU,2022-05-15 21:14:12,64.75,177.4833,43.3,70,0,4.47
363,Cayeli,TR,2022-05-15 21:14:13,41.0923,40.7292,59.0,91,100,3.83
364,Pevek,RU,2022-05-15 21:14:13,69.7008,170.3133,21.67,86,100,5.1
365,Urucara,BR,2022-05-15 21:14:14,-2.5364,-57.76,79.23,95,98,2.57
366,Nanortalik,GL,2022-05-15 21:13:22,60.1432,-45.2371,31.33,75,80,8.21
367,Sabla,NG,2022-05-15 21:14:14,12.7525,4.7077,94.87,29,86,6.69
368,Yarmouth,US,2022-05-15 21:11:09,41.7057,-70.2286,70.65,86,0,6.91
369,Dzhebariki-Khaya,RU,2022-05-15 21:14:15,62.2167,135.8,41.27,58,100,9.64
370,Brigantine,US,2022-05-15 21:09:57,39.4101,-74.3646,82.2,75,20,11.5
371,Zhangjiakou,CN,2022-05-15 21:14:17,40.81,114.8794,51.6,26,11,3.71
372,Tres Arroyos,AR,2022-05-15 21:14:18,-38.3739,-60.2798,51.4,80,100,18.37
373,Sao Jose Da Coroa Grande,BR,2022-05-15 21:14:18,-8.8978,-35.1478,79.18,78,100,7.05
374,Oxford,GB,2022-05-15 21:14:19,51.7522,-1.256,60.06,90,100,6.91
375,Paamiut,GL,2022-05-15 21:14:19,61.994,-49.6678,32.99,77,10,17.6
376,Morehead,US,2022-05-15 21:14:20,37.2711,-87.1764,85.78,54,0,0.0
377,Ridgecrest,US,2022-05-15 21:14:20,35.6225,-117.6709,95.68,7,75,7.0
378,Necochea,AR,2022-05-15 21:14:21,-38.5473,-58.7368,52.84,80,100,24.4
379,Palana,RU,2022-05-15 21:14:21,59.1167,159.9667,37.13,78,100,4.99
380,Bara,NG,2022-05-15 21:14:21,10.3744,10.7288,91.94,27,28,4.74
381,Havoysund,NO,2022-05-15 21:14:22,70.9963,24.6622,39.43,93,100,2.68
382,Yamada,JP,2022-05-15 21:14:22,39.4667,141.95,51.42,66,100,4.36
383,Great Bend,US,2022-05-15 21:14:23,38.3645,-98.7648,78.93,47,20,14.97
384,Port Blair,IN,2022-05-15 21:14:23,11.6667,92.75,82.04,81,100,9.95
385,Birjand,IR,2022-05-15 21:14:24,32.8663,59.2211,61.77,17,0,4.52
386,Ambilobe,MG,2022-05-15 21:14:24,-13.2,49.05,69.62,85,4,2.71
387,Arifwala,PK,2022-05-15 21:14:24,30.294,73.0735,92.01,12,0,9.71
388,Tocopilla,CL,2022-05-15 21:11:53,-22.092,-70.1979,67.44,64,56,7.07
389,Samana,DO,2022-05-15 21:11:47,19.2056,-69.3369,86.22,74,40,13.8
390,Bubaque,GW,2022-05-15 21:14:25,11.2833,-15.8333,79.47,84,77,19.89
391,Eldersburg,US,2022-05-15 21:14:25,39.4037,-76.9503,83.26,66,92,3.0
392,Kashan,IR,2022-05-15 21:14:26,33.9831,51.4364,78.67,12,5,1.57
393,Tebingtinggi,ID,2022-05-15 21:14:26,3.3285,99.1625,75.31,96,98,3.04
394,Gwanda,ZW,2022-05-15 21:14:27,-20.9333,29.0,60.46,84,62,10.6
395,Kabalo,CD,2022-05-15 21:14:27,-6.05,26.9167,74.84,67,65,4.7
396,Kysyl-Syr,RU,2022-05-15 21:14:27,63.8986,122.7617,28.85,70,93,7.96
397,Juneau,US,2022-05-15 21:11:58,58.3019,-134.4197,53.83,53,100,12.66
398,Halden,NO,2022-05-15 21:14:28,59.1226,11.3871,52.23,86,36,3.09
399,Callaway,US,2022-05-15 21:14:28,30.153,-85.5699,78.91,83,20,6.91
400,Blomberg,DE,2022-05-15 21:14:29,51.9433,9.0907,61.38,70,43,5.64
401,Tahta,EG,2022-05-15 21:14:29,26.7693,31.5021,81.12,19,65,14.05
402,Zharkent,KZ,2022-05-15 21:14:30,44.1628,80.0,60.03,70,100,5.41
403,Mazamari,PE,2022-05-15 21:14:30,-11.3258,-74.5308,82.06,69,89,0.81
404,Acapulco,MX,2022-05-15 21:11:07,16.8634,-99.8901,89.42,62,20,12.66
405,Najran,SA,2022-05-15 21:15:31,17.4924,44.1277,75.85,9,27,2.51
406,Senneterre,CA,2022-05-15 21:15:31,48.3835,-77.2328,77.76,33,100,4.54
407,Boca Do Acre,BR,2022-05-15 21:15:31,-8.7522,-67.3978,80.69,94,100,0.87
408,Constitucion,CL,2022-05-15 21:15:32,-35.3333,-72.4167,58.5,57,100,5.99
409,Sharkan,RU,2022-05-15 21:15:32,57.2989,53.8712,46.13,84,22,3.58
410,Maridi,SS,2022-05-15 21:15:33,4.9158,29.4742,68.49,94,95,3.13
411,Tabuk,PH,2022-05-15 21:15:33,17.4189,121.4443,75.38,90,100,2.62
412,Abalak,RU,2022-05-15 21:15:34,58.1286,68.5944,50.52,71,99,5.37
413,Iracoubo,GF,2022-05-15 21:15:34,5.4802,-53.2011,79.65,90,100,10.54
414,Linhares,BR,2022-05-15 21:15:35,-19.3911,-40.0722,74.3,69,98,5.77
415,Mitchell,US,2022-05-15 21:15:35,43.7094,-98.0298,73.38,33,0,16.11
416,Trincomalee,LK,2022-05-15 21:15:36,8.5711,81.2335,81.77,76,46,20.24
417,Buala,SB,2022-05-15 21:15:36,-8.145,159.5921,80.64,80,13,2.8
418,Alofi,NU,2022-05-15 21:15:37,-19.0595,-169.9187,75.09,78,100,8.05
419,Tecoanapa,MX,2022-05-15 21:15:37,16.5167,-98.75,88.7,57,36,12.3
420,Las Vegas,US,2022-05-15 21:14:36,36.175,-115.1372,101.26,6,0,8.05
421,Vilyuysk,RU,2022-05-15 21:15:38,63.7553,121.6247,29.1,73,68,7.27
422,Christchurch,NZ,2022-05-15 21:13:47,-43.5333,172.6333,55.9,95,100,3.0
423,Palasa,IN,2022-05-15 21:15:38,18.7667,84.4167,82.04,88,90,11.05
424,Waterloo,CA,2022-05-15 21:14:56,43.4668,-80.5164,81.54,52,24,11.74
425,Singaraja,ID,2022-05-15 21:15:39,-8.112,115.0882,78.35,77,34,4.29
426,Dabakala,CI,2022-05-15 21:15:40,8.3667,-4.4333,79.56,74,100,8.41
427,Khandbari,NP,2022-05-15 21:15:40,27.3747,87.2039,71.02,80,42,3.29
428,Heinola,FI,2022-05-15 21:15:40,61.2056,26.0381,46.99,63,99,8.46
429,Baghdad,IQ,2022-05-15 21:15:41,33.3406,44.4009,80.51,36,10,2.3
430,Toccoa,US,2022-05-15 21:15:41,34.5773,-83.3324,85.59,35,40,0.0
431,Barra Patuca,HN,2022-05-15 21:15:42,15.8,-84.2833,83.1,71,35,9.64
432,Rawatsar,IN,2022-05-15 21:15:42,29.2833,74.3833,91.35,12,8,14.58
433,Mubi,NG,2022-05-15 21:15:43,10.2676,13.2644,82.13,55,45,8.39
434,Naushki,RU,2022-05-15 21:15:43,50.3828,106.1056,53.65,28,84,3.74
435,Neryungri,RU,2022-05-15 21:15:44,56.6709,124.6491,29.32,95,100,1.99
436,Muros,ES,2022-05-15 21:15:44,42.7762,-9.0603,63.09,83,98,18.01
437,Muroto,JP,2022-05-15 21:15:45,33.2833,134.15,60.53,78,100,4.56
438,Aldan,RU,2022-05-15 21:15:45,58.6031,125.3894,22.93,93,99,1.34
439,Coihaique,CL,2022-05-15 21:15:46,-45.5752,-72.0662,48.81,70,0,3.44
440,Carutapera,BR,2022-05-15 21:15:50,-1.195,-46.02,79.36,89,46,7.78
441,Caconda,AO,2022-05-15 21:15:51,-13.7333,15.0667,64.99,51,93,3.56
442,Manokwari,ID,2022-05-15 21:15:51,-0.8667,134.0833,78.71,79,99,6.33
443,Florianopolis,BR,2022-05-15 21:15:52,-27.6146,-48.5012,65.7,86,75,6.91
444,Korla,CN,2022-05-15 21:15:52,41.7597,86.1469,70.56,23,82,5.95
445,San Quintin,MX,2022-05-15 21:15:53,30.4833,-115.95,72.55,55,5,14.7
446,Shetpe,KZ,2022-05-15 21:15:53,44.1667,52.1167,66.27,45,0,4.03
447,Olafsvik,IS,2022-05-15 21:15:54,64.8945,-23.7142,47.5,92,99,16.22
448,Hakkari,TR,2022-05-15 21:15:54,37.5833,44.1667,47.98,100,40,3.44
449,Rocha,UY,2022-05-15 21:15:55,-34.4833,-54.3333,50.5,62,4,11.5
450,Tashtyp,RU,2022-05-15 21:15:55,52.7939,89.8983,58.59,74,99,6.4
451,Calbuco,CL,2022-05-15 21:16:55,-41.768,-73.1273,56.41,72,100,6.44
452,Mineros,BO,2022-05-15 21:16:56,-17.1167,-63.2333,65.95,88,100,9.06
453,Jaca,ES,2022-05-15 21:16:56,42.569,-0.5499,63.99,78,100,4.36
454,Okhotsk,RU,2022-05-15 21:16:57,59.3833,143.3,33.24,97,100,41.88
455,Puerto Del Rosario,ES,2022-05-15 21:16:57,28.5004,-13.8627,69.55,78,20,9.22
456,Sioux Lookout,CA,2022-05-15 21:16:58,50.1001,-91.917,46.47,71,100,14.97
457,Chinsali,ZM,2022-05-15 21:16:58,-10.5414,32.0816,58.51,72,0,7.63
458,Gillette,US,2022-05-15 21:15:20,44.2911,-105.5022,64.81,43,0,5.75
459,Koson,UZ,2022-05-15 21:16:59,39.0375,65.585,66.52,47,0,5.77
460,Tubuala,PA,2022-05-15 21:16:59,9.5167,-79.0333,83.12,82,63,9.31
461,Diamantino,BR,2022-05-15 21:17:00,-14.4086,-56.4461,83.82,54,48,3.49
462,Lata,PT,2022-05-15 21:17:00,40.1629,-8.3327,65.8,81,38,4.16
463,Namibe,AO,2022-05-15 21:17:01,-15.1961,12.1522,71.17,66,1,7.49
464,Berlevag,NO,2022-05-15 21:17:01,70.8578,29.0864,39.15,81,75,12.66
465,Vestmannaeyjar,IS,2022-05-15 21:17:01,63.4427,-20.2734,49.26,89,100,21.97
466,Vallenar,CL,2022-05-15 21:17:02,-28.5708,-70.7581,73.71,28,0,6.76
467,Herne Bay,GB,2022-05-15 21:17:02,51.373,1.1286,60.94,86,93,1.01
468,Tessalit,ML,2022-05-15 21:17:03,20.1986,1.0114,91.38,8,2,8.08
469,Nemuro,JP,2022-05-15 21:17:03,43.3236,145.575,44.15,85,0,10.18
470,Doha,QA,2022-05-15 21:15:29,25.2867,51.5333,87.78,35,0,5.75
471,Salamiyah,SY,2022-05-15 21:17:04,35.0113,37.0532,60.71,66,0,15.12
472,Ponta Delgada,PT,2022-05-15 21:17:04,37.7333,-25.6667,65.5,77,40,23.02
473,Qaqortoq,GL,2022-05-15 21:17:05,60.7167,-46.0333,33.19,70,40,3.18
474,Calvinia,ZA,2022-05-15 21:17:05,-31.4707,19.776,56.53,21,0,8.01
475,Tarabuco,BO,2022-05-15 21:17:06,-19.1667,-64.9167,50.99,69,32,7.99
476,Mayahi,NE,2022-05-15 21:17:06,13.9553,7.6712,89.76,12,2,15.1
477,Basco,PH,2022-05-15 21:17:07,20.4487,121.9702,80.98,82,99,15.35
478,Yar,RU,2022-05-15 21:17:07,58.249,52.1026,43.45,90,26,4.32
479,Dunedin,NZ,2022-05-15 21:17:07,-45.8742,170.5036,50.81,81,10,5.01
480,Udachnyy,RU,2022-05-15 21:17:08,66.4167,112.4,35.28,90,100,3.85
481,Yulara,AU,2022-05-15 21:17:08,-25.2406,130.9889,55.15,42,0,9.06
482,Maryborough,AU,2022-05-15 21:17:09,-25.5333,152.7,71.11,96,78,3.11
483,Makakilo City,US,2022-05-15 21:17:09,21.3469,-158.0858,82.72,55,0,17.27
484,Fort Nelson,CA,2022-05-15 21:17:10,58.8053,-122.7002,58.59,36,40,9.22
485,Chimbote,PE,2022-05-15 21:17:10,-9.0853,-78.5783,67.55,74,66,8.77
486,Tukrah,LY,2022-05-15 21:17:11,32.5341,20.5791,65.86,64,0,5.17
487,Saint-Denis,FR,2022-05-15 21:17:11,48.9167,2.3333,67.14,85,75,11.5
488,Sao Raimundo Nonato,BR,2022-05-15 21:17:12,-9.0153,-42.6994,84.97,42,100,5.1
489,Beringovskiy,RU,2022-05-15 21:17:12,63.05,179.3167,38.86,75,63,5.93
490,Hualmay,PE,2022-05-15 21:17:13,-11.0964,-77.6139,68.07,73,64,9.37
491,Kieta,PG,2022-05-15 21:17:13,-6.2167,155.6333,79.97,82,8,1.5
492,Veraval,IN,2022-05-15 21:17:14,20.9,70.3667,83.14,79,0,14.92
493,Igrim,RU,2022-05-15 21:17:16,63.1906,64.4162,44.55,92,29,5.66
494,Otatitlan,MX,2022-05-15 21:17:16,18.2,-96.0333,99.23,26,28,10.98
495,Prince Rupert,CA,2022-05-15 21:13:08,54.3161,-130.3201,50.09,87,100,6.91
496,Padang,ID,2022-05-15 21:17:17,-0.9492,100.3543,75.25,90,88,2.91
497,Waw,SS,2022-05-15 21:17:17,7.7029,27.9953,75.45,87,78,4.52
498,Walvis Bay,NA,2022-05-15 21:15:22,-22.9575,14.5053,79.75,19,0,14.97
499,Ambon,ID,2022-05-15 21:18:18,-3.6954,128.1814,73.54,100,40,2.3
500,Port-Gentil,GA,2022-05-15 21:18:18,-0.7193,8.7815,82.36,89,100,9.22
501,Pervomayskoye,RU,2022-05-15 21:18:19,43.919,46.7102,66.11,60,81,6.62
502,Port Lincoln,AU,2022-05-15 21:18:14,-34.7333,135.8667,57.36,70,73,14.92
503,Dongkan,CN,2022-05-15 21:18:19,33.9997,119.8308,54.39,53,4,8.34
504,Hudiksvall,SE,2022-05-15 21:18:20,61.729,17.1036,43.43,51,2,13.76
505,Gadsden,US,2022-05-15 21:13:26,34.0143,-86.0066,90.01,46,30,5.75
506,General Roca,AR,2022-05-15 21:18:20,-39.0333,-67.5833,56.62,27,0,5.84
507,Tecpan,GT,2022-05-15 21:18:21,14.7623,-90.9947,67.89,57,100,3.49
508,Muisne,EC,2022-05-15 21:16:16,0.6,-80.0333,80.08,83,85,11.77
509,Mischii,RO,2022-05-15 21:18:21,44.3833,23.85,65.16,71,0,5.99
510,Deep River,CA,2022-05-15 21:15:13,46.1001,-77.4995,80.94,40,76,6.33
511,Ginda,IN,2022-05-15 21:18:22,30.6945,78.4932,65.52,24,2,8.52
512,Jabinyanah,TN,2022-05-15 21:18:22,35.035,10.9081,78.6,49,86,17.72
513,New Iberia,US,2022-05-15 21:18:23,30.0035,-91.8187,89.67,48,40,6.91
514,Altamira,BR,2022-05-15 21:18:23,-3.2033,-52.2064,78.89,100,75,2.3
515,Chegdomyn,RU,2022-05-15 21:18:23,51.1167,133.0167,35.26,83,93,3.42
516,Miri,MY,2022-05-15 21:18:24,4.4148,114.0089,77.14,94,40,2.3
517,Talnakh,RU,2022-05-15 21:18:24,69.4865,88.3972,35.38,95,100,10.42
518,Niquelandia,BR,2022-05-15 21:18:25,-14.4739,-48.4597,83.08,38,69,4.16
519,Bathsheba,BB,2022-05-15 21:18:25,13.2167,-59.5167,83.01,83,75,18.41
520,Enshi,CN,2022-05-15 21:18:26,30.3,109.4833,50.7,96,64,1.57
521,Balkhash,KZ,2022-05-15 21:18:26,46.844,74.9804,63.68,50,5,8.12
522,Natividad,PH,2022-05-15 21:18:27,16.0443,120.7987,77.52,93,100,0.58
523,Taoudenni,ML,2022-05-15 21:18:27,22.6783,-3.9836,92.77,7,39,12.84
524,Stephenville,US,2022-05-15 21:15:15,32.2207,-98.2023,101.16,27,0,10.36
525,Dukat,RU,2022-05-15 21:18:28,62.55,155.55,32.29,100,100,5.53
526,Whitianga,NZ,2022-05-15 21:15:28,-36.8333,175.7,65.1,89,100,14.09
527,Susanville,US,2022-05-15 21:18:04,40.4163,-120.653,77.92,26,0,14.97
528,Tazovskiy,RU,2022-05-15 21:18:29,67.4667,78.7,39.69,100,100,4.0
529,Yuanping,CN,2022-05-15 21:18:29,38.7153,112.7575,50.27,27,6,2.62
530,Kasongo-Lunda,CD,2022-05-15 21:18:29,-6.4667,16.8167,72.43,71,73,1.23
531,Ballina,AU,2022-05-15 21:18:30,-28.8667,153.5667,70.79,94,10,4.12
532,Surovikino,RU,2022-05-15 21:18:30,48.6078,42.8486,50.9,79,6,8.97
533,Valparaiso,CL,2022-05-15 21:18:31,-33.0393,-71.6273,55.04,100,100,11.5
534,Denpasar,ID,2022-05-15 21:17:13,-8.65,115.2167,78.46,88,20,3.44
535,Imbituba,BR,2022-05-15 21:18:31,-28.24,-48.6703,66.09,99,47,4.0
536,La Cruz,MX,2022-05-15 21:18:32,23.9167,-106.9,84.06,59,89,8.23
537,Indiaroba,BR,2022-05-15 21:18:32,-11.5192,-37.5117,74.62,93,20,3.83
538,Noumea,NC,2022-05-15 21:18:33,-22.2763,166.4572,75.99,99,84,8.41
539,Cape Canaveral,US,2022-05-15 21:18:33,28.4058,-80.6048,86.09,73,0,13.8
540,Olga,RU,2022-05-15 21:18:34,43.7444,135.2892,46.53,64,18,3.18
541,Flinders,AU,2022-05-15 21:18:34,-34.5833,150.8552,57.38,92,0,3.0
542,Coruripe,BR,2022-05-15 21:18:34,-10.1256,-36.1756,77.47,84,72,7.99
543,Mvuma,ZW,2022-05-15 21:18:35,-19.2792,30.5283,53.58,83,0,8.68
544,Bilibino,RU,2022-05-15 21:18:35,68.0546,166.4372,27.52,89,83,4.34
545,Olden,NO,2022-05-15 21:18:36,61.8364,6.8064,45.34,97,100,3.0
546,Batemans Bay,AU,2022-05-15 21:19:36,-35.7167,150.1833,58.1,83,0,6.38
547,San Rafael Del Sur,NI,2022-05-15 21:19:37,11.8485,-86.4384,94.17,58,86,5.82
548,Narsaq,GL,2022-05-15 21:19:37,60.9167,-46.05,43.02,66,33,4.23
549,Mbanza-Ngungu,CD,2022-05-15 21:19:37,-5.25,14.8667,70.21,89,66,1.54
550,Khoy,IR,2022-05-15 21:19:38,38.5504,44.9535,60.39,73,95,5.48
551,Port Hedland,AU,2022-05-15 21:19:38,-20.3167,118.5667,71.65,53,40,5.75
552,Kasama,ZM,2022-05-15 21:19:39,-10.2129,31.1808,55.36,85,1,4.09
553,Ardakan,IR,2022-05-15 21:19:39,32.31,54.0175,74.16,11,0,4.07
554,Ziyang,CN,2022-05-15 21:19:39,29.2497,117.8547,53.71,85,99,0.98
555,Santa Fe,AR,2022-05-15 21:19:40,-31.6333,-60.7,62.94,50,0,5.01
556,College,US,2022-05-15 21:19:40,64.8569,-147.8028,51.01,47,75,11.5
557,Half Moon Bay,US,2022-05-15 21:17:05,37.4636,-122.4286,79.54,75,100,32.21
558,Matay,EG,2022-05-15 21:19:41,28.419,30.7792,74.73,37,57,19.57
559,Acarau,BR,2022-05-15 21:19:41,-2.8856,-40.12,79.61,85,81,12.12
560,Sao Filipe,CV,2022-05-15 21:19:42,14.8961,-24.4956,75.9,71,10,7.02
561,Pacific Grove,US,2022-05-15 21:18:27,36.6177,-121.9166,78.39,83,75,10.36
562,Broken Hill,AU,2022-05-15 21:19:42,-31.95,141.4333,54.46,59,0,6.35
563,Rafsanjan,IR,2022-05-15 21:19:42,30.4067,55.9939,67.98,17,0,2.62
564,Balykshi,KZ,2022-05-15 21:19:43,47.0667,51.8667,59.0,88,40,4.47
565,Okha,RU,2022-05-15 21:19:43,53.5739,142.9478,32.79,96,78,9.64
566,Balinad,PH,2022-05-15 21:19:44,13.2926,123.5454,75.02,91,100,1.5
567,Ulladulla,AU,2022-05-15 21:19:44,-35.35,150.4667,58.44,72,0,5.79
568,Malko Tarnovo,BG,2022-05-15 21:19:44,41.9833,27.5333,53.78,88,91,1.12
569,Abu Kamal,SY,2022-05-15 21:19:45,34.4506,40.9171,77.38,43,11,24.83
570,Marawi,PH,2022-05-15 21:19:45,7.9986,124.2928,68.58,93,99,1.68
571,Puerto Cabezas,NI,2022-05-15 21:19:46,14.0351,-83.3888,85.96,84,40,4.61
572,Hay River,CA,2022-05-15 21:19:50,60.8156,-115.7999,55.38,47,75,11.5
573,Tiznit,MA,2022-05-15 21:19:50,29.5833,-9.5,61.14,80,2,3.96
574,Vryburg,ZA,2022-05-15 21:19:55,-26.9566,24.7284,60.31,48,52,11.83
575,Nueve De Julio,AR,2022-05-15 21:19:55,-35.4444,-60.8831,53.49,45,13,12.86
576,Kudahuvadhoo,MV,2022-05-15 21:19:56,2.6708,72.8944,83.75,75,90,18.05
577,Bud,US,2022-05-15 21:19:56,39.447,-86.1758,86.32,38,35,3.62
578,Samarai,PG,2022-05-15 21:19:56,-10.6167,150.6667,78.85,81,2,4.52
579,Svetlyy,RU,2022-05-15 21:19:57,54.675,20.1347,41.05,90,2,5.41
580,Kaniv,UA,2022-05-15 21:19:57,49.7518,31.46,49.39,76,32,9.31
581,Salsk,RU,2022-05-15 21:19:57,46.4725,41.5428,52.09,92,28,8.34
