City_ID,City,Country,Lat,Lng,Max Temp,Humidity,Cloudiness,Wind Speed,Current Description,Date
0,Kaitangata,NZ,-46.2817,169.8464,54.0,67,5,3.11,clear sky,2022-05-16 00:27:35
1,Arraial Do Cabo,BR,-22.9661,-42.0278,74.34,83,77,21.43,broken clouds,2022-05-16 00:27:35
2,Vangaindrano,MG,-23.35,47.6,65.93,89,32,2.15,light rain,2022-05-16 00:27:36
3,Barrow,US,71.2906,-156.7887,33.82,80,75,9.22,broken clouds,2022-05-16 00:27:36
4,Novokayakent,RU,42.3937,47.9861,62.78,58,46,6.31,scattered clouds,2022-05-16 00:27:37
5,Castro,BR,-24.7911,-50.0119,54.0,97,16,4.52,few clouds,2022-05-16 00:27:37
6,Cidreira,BR,-30.1811,-50.2056,60.62,85,99,16.31,overcast clouds,2022-05-16 00:27:37
7,Rio Grande,BR,-32.035,-52.0986,51.94,71,84,10.74,broken clouds,2022-05-16 00:27:38
8,Albany,US,42.6001,-73.9662,69.73,93,58,4.41,broken clouds,2022-05-16 00:27:38
9,Yellowknife,CA,62.456,-114.3525,52.32,40,75,12.66,broken clouds,2022-05-16 00:25:46
10,East London,ZA,-33.0153,27.9116,61.88,84,0,7.9,clear sky,2022-05-16 00:27:39
11,Hithadhoo,MV,-0.6,73.0833,82.69,76,99,12.15,overcast clouds,2022-05-16 00:27:39
12,Arlit,NE,18.7369,7.3853,82.15,15,0,4.43,clear sky,2022-05-16 00:27:40
13,Port Alfred,ZA,-33.5906,26.891,62.13,84,0,9.04,clear sky,2022-05-16 00:27:40
14,Camacha,PT,33.0833,-16.3333,62.02,94,0,4.61,clear sky,2022-05-16 00:27:41
15,Jumla,NP,29.2747,82.1838,52.47,72,2,4.83,clear sky,2022-05-16 00:23:58
16,Broome,US,42.2506,-75.833,70.02,84,0,6.91,clear sky,2022-05-16 00:24:58
17,Vestmannaeyjar,IS,63.4427,-20.2734,48.7,92,98,20.96,overcast clouds,2022-05-16 00:27:41
18,Egvekinot,RU,66.3167,-179.1667,28.35,86,100,1.41,overcast clouds,2022-05-16 00:27:42
19,Georgetown,MY,5.4112,100.3354,80.53,92,20,5.75,few clouds,2022-05-16 00:27:42
20,Kaeo,NZ,-35.1,173.7833,72.32,76,66,10.92,broken clouds,2022-05-16 00:27:42
21,Palu,ID,-0.8917,119.8707,82.24,82,26,1.03,scattered clouds,2022-05-16 00:27:43
22,Mahebourg,MU,-20.4081,57.7,73.69,88,40,11.5,scattered clouds,2022-05-16 00:27:43
23,Hermanus,ZA,-34.4187,19.2345,58.8,66,0,9.53,clear sky,2022-05-16 00:23:09
24,Tuatapere,NZ,-46.1333,167.6833,56.7,57,4,4.27,clear sky,2022-05-16 00:27:44
25,Raudeberg,NO,61.9875,5.1352,42.87,87,35,14.47,scattered clouds,2022-05-16 00:27:44
26,Puerto Ayora,EC,-0.7393,-90.3518,72.55,96,79,3.0,broken clouds,2022-05-16 00:24:51
27,Geraldton,AU,-28.7667,114.6,57.61,72,0,14.97,clear sky,2022-05-16 00:27:45
28,Cape Town,ZA,-33.9258,18.4232,61.12,83,0,5.99,mist,2022-05-16 00:25:49
29,Salalah,OM,17.0151,54.0924,82.49,47,2,6.91,clear sky,2022-05-16 00:27:45
30,West Bay,KY,19.3667,-81.4167,81.07,78,40,8.05,scattered clouds,2022-05-16 00:27:46
31,Kapaa,US,22.0752,-159.319,82.38,73,0,9.22,clear sky,2022-05-16 00:27:46
32,Bulach,CH,47.522,8.5405,65.32,83,100,1.14,overcast clouds,2022-05-16 00:27:46
33,Caravelas,BR,-17.7125,-39.2481,74.03,77,98,5.3,overcast clouds,2022-05-16 00:27:47
34,Saint-Philippe,RE,-21.3585,55.7679,67.59,87,52,10.65,light rain,2022-05-16 00:27:47
35,Ribeira Grande,PT,38.5167,-28.7,60.17,80,85,43.98,light rain,2022-05-16 00:27:48
36,Vaini,TO,-21.2,-175.2,73.56,88,40,6.91,light intensity drizzle,2022-05-16 00:25:03
37,Akdepe,TM,42.0551,59.3788,60.89,21,19,8.16,few clouds,2022-05-16 00:27:48
38,Viedma,AR,-40.8135,-62.9967,52.09,74,94,20.49,overcast clouds,2022-05-16 00:27:49
39,Millau,FR,44.0833,2.9167,64.53,91,78,3.36,broken clouds,2022-05-16 00:27:49
40,Busselton,AU,-33.65,115.3333,55.02,73,42,8.68,scattered clouds,2022-05-16 00:23:06
41,Butaritari,KI,3.0707,172.7902,81.64,75,12,10.45,few clouds,2022-05-16 00:27:50
42,Bluff,NZ,-46.6,168.3333,50.81,70,9,8.01,clear sky,2022-05-16 00:27:50
43,Vila Velha,BR,-20.3297,-40.2925,75.15,73,40,8.05,scattered clouds,2022-05-16 00:27:50
44,Narsaq,GL,60.9167,-46.05,39.42,72,43,3.89,scattered clouds,2022-05-16 00:27:51
45,Rikitea,PF,-23.1203,-134.9692,76.91,70,43,18.9,scattered clouds,2022-05-16 00:27:52
46,Orange,US,33.7,-117.7675,91.24,51,40,11.5,scattered clouds,2022-05-16 00:27:33
47,Katsuura,JP,35.1333,140.3,59.02,95,100,5.23,moderate rain,2022-05-16 00:24:35
48,Shima,CN,24.4478,117.8111,62.62,92,100,3.44,overcast clouds,2022-05-16 00:28:52
49,Nome,US,64.5011,-165.4064,42.87,75,0,10.36,clear sky,2022-05-16 00:28:53
50,Tuktoyaktuk,CA,69.4541,-133.0374,37.4,87,75,4.61,broken clouds,2022-05-16 00:26:24
51,Vostok,RU,46.4856,135.8833,44.33,70,39,8.57,scattered clouds,2022-05-16 00:28:54
52,Kargasok,RU,59.0556,80.8572,52.23,78,5,7.85,clear sky,2022-05-16 00:28:54
53,Savantvadi,IN,15.9,73.8167,80.15,82,99,5.06,overcast clouds,2022-05-16 00:28:55
54,Buala,SB,-8.145,159.5921,84.88,67,7,1.05,clear sky,2022-05-16 00:28:55
55,Nazas,MX,25.2333,-104.1333,93.33,10,5,18.21,clear sky,2022-05-16 00:28:56
56,Bengkulu,ID,-3.8004,102.2655,76.5,91,97,4.32,overcast clouds,2022-05-16 00:24:55
57,Punta Arenas,CL,-53.15,-70.9167,42.91,81,0,5.75,clear sky,2022-05-16 00:28:57
58,Ponta Do Sol,PT,32.6667,-17.1,68.72,84,9,6.17,clear sky,2022-05-16 00:28:57
59,Westport,US,41.1415,-73.3579,71.89,88,0,12.66,fog,2022-05-16 00:25:24
60,Stettler,CA,52.3168,-112.7186,65.52,24,85,2.3,overcast clouds,2022-05-16 00:28:58
61,Lawrenceburg,US,38.0373,-84.8966,81.18,70,0,6.91,clear sky,2022-05-16 00:28:58
62,Jesup,US,31.6074,-81.8854,70.68,94,0,0.0,clear sky,2022-05-16 00:28:58
63,Beringovskiy,RU,63.05,179.3167,36.1,84,84,4.5,broken clouds,2022-05-16 00:28:59
64,Clyde River,CA,70.4692,-68.5914,25.03,86,100,5.75,overcast clouds,2022-05-16 00:28:59
65,Thompson,CA,55.7435,-97.8558,35.76,93,100,10.36,mist,2022-05-16 00:25:43
66,Kalmar,SE,56.6616,16.3616,42.96,92,20,1.01,few clouds,2022-05-16 00:29:00
67,Bredasdorp,ZA,-34.5322,20.0403,54.32,84,0,3.6,clear sky,2022-05-16 00:28:29
68,Flinders,AU,-34.5833,150.8552,71.06,73,0,7.0,clear sky,2022-05-16 00:29:00
69,Shawnee,US,39.05,-95.7669,74.17,64,20,12.66,few clouds,2022-05-16 00:29:01
70,Leua,SK,48.2156,18.6071,59.5,74,2,5.82,clear sky,2022-05-16 00:29:01
71,Ngunguru,NZ,-35.6167,174.5,70.59,66,60,9.91,broken clouds,2022-05-16 00:29:02
72,Saskylakh,RU,71.9167,114.0833,33.4,100,100,5.7,overcast clouds,2022-05-16 00:24:50
73,Hilo,US,19.7297,-155.09,85.28,72,100,14.97,overcast clouds,2022-05-16 00:29:02
74,Beidao,CN,34.5686,105.8933,54.48,68,55,1.95,broken clouds,2022-05-16 00:29:02
75,Ushuaia,AR,-54.8,-68.3,51.46,43,0,8.05,clear sky,2022-05-16 00:25:10
76,Los Llanos De Aridane,ES,28.6585,-17.9182,64.15,86,40,5.75,scattered clouds,2022-05-16 00:29:03
77,Provideniya,RU,64.3833,-173.3,41.36,70,75,13.42,broken clouds,2022-05-16 00:25:37
78,Havre-Saint-Pierre,CA,50.2334,-63.5986,41.36,60,75,14.97,broken clouds,2022-05-16 00:29:03
79,Bilibino,RU,68.0546,166.4372,31.91,92,90,4.09,overcast clouds,2022-05-16 00:29:04
80,Talnakh,RU,69.4865,88.3972,37.42,89,98,10.8,overcast clouds,2022-05-16 00:29:04
81,Kahului,US,20.8947,-156.47,89.62,43,40,18.41,scattered clouds,2022-05-16 00:29:05
82,Inta,RU,66.0317,60.1659,43.54,94,100,2.93,overcast clouds,2022-05-16 00:29:05
83,Budureasa,RO,46.6667,22.5,56.95,64,10,5.12,clear sky,2022-05-16 00:29:06
84,Tocache,PE,-8.1842,-76.5125,71.35,98,85,1.68,overcast clouds,2022-05-16 00:29:06
85,Mataura,NZ,-46.1927,168.8643,50.49,64,6,2.51,clear sky,2022-05-16 00:27:39
86,Wichita,US,37.6922,-97.3375,76.17,57,0,16.11,clear sky,2022-05-16 00:25:15
87,Avera,US,33.194,-82.5271,79.56,68,74,3.78,broken clouds,2022-05-16 00:29:07
88,Sao Jose De Ribamar,BR,-2.5619,-44.0542,84.58,85,82,10.38,broken clouds,2022-05-16 00:29:07
89,Moose Factory,CA,51.2585,-80.6094,62.6,63,100,12.66,overcast clouds,2022-05-16 00:29:07
90,Coahuayana,MX,18.7333,-103.6833,81.46,51,100,5.06,overcast clouds,2022-05-16 00:30:08
91,Saint Anthony,US,45.0205,-93.218,71.65,31,40,19.57,scattered clouds,2022-05-16 00:25:43
92,Novobureyskiy,RU,49.798,129.8774,47.88,36,75,12.68,broken clouds,2022-05-16 00:30:08
93,Avarua,CK,-21.2078,-159.775,80.65,65,75,4.61,broken clouds,2022-05-16 00:30:09
94,Victoria,HK,22.2855,114.1577,68.38,88,100,8.99,overcast clouds,2022-05-16 00:30:09
95,Cherskiy,RU,68.75,161.3,33.94,85,100,8.03,overcast clouds,2022-05-16 00:30:10
96,Hobart,AU,-42.8794,147.3294,52.02,83,20,19.57,few clouds,2022-05-16 00:26:51
97,Portland,US,45.5234,-122.6762,69.62,75,75,8.01,broken clouds,2022-05-16 00:27:08
98,Kruisfontein,ZA,-34.0033,24.7314,54.93,66,0,5.95,clear sky,2022-05-16 00:30:12
99,Boldumsaz,TM,42.1282,59.671,66.15,22,5,8.81,clear sky,2022-05-16 00:30:13
100,Dudinka,RU,69.4058,86.1778,34.03,94,100,1.74,overcast clouds,2022-05-16 00:29:51
101,Janauba,BR,-15.8025,-43.3089,72.97,61,97,4.32,overcast clouds,2022-05-16 00:30:13
102,Atuona,PF,-9.8,-139.0333,78.75,71,11,15.59,few clouds,2022-05-16 00:30:13
103,Sarkand,KZ,45.41,79.9186,58.84,54,0,4.32,clear sky,2022-05-16 00:30:14
104,Huarmey,PE,-10.0681,-78.1522,65.32,81,81,8.75,broken clouds,2022-05-16 00:30:14
105,Upernavik,GL,72.7868,-56.1549,10.45,92,37,6.96,scattered clouds,2022-05-16 00:30:15
106,Mae Chan,TH,20.1467,99.8526,77.23,82,41,0.2,scattered clouds,2022-05-16 00:30:15
107,Gopamau,IN,27.55,80.2833,88.92,22,54,8.3,broken clouds,2022-05-16 00:30:16
108,Lubango,AO,-14.9172,13.4925,61.25,48,82,1.52,broken clouds,2022-05-16 00:25:31
109,Balakhta,RU,55.38,91.6,63.46,64,100,7.74,light rain,2022-05-16 00:30:16
110,Lebu,CL,-37.6167,-73.65,53.4,68,100,1.43,overcast clouds,2022-05-16 00:30:17
111,Longyearbyen,SJ,78.2186,15.6401,30.04,74,75,1.14,broken clouds,2022-05-16 00:30:17
112,Guanica,PR,17.9716,-66.908,81.1,79,11,13.13,few clouds,2022-05-16 00:30:17
113,Grand Gaube,MU,-20.0064,57.6608,73.8,90,34,1.01,moderate rain,2022-05-16 00:30:18
114,Teguldet,RU,57.3064,88.1667,63.19,62,17,8.39,few clouds,2022-05-16 00:30:18
115,Tasiilaq,GL,65.6145,-37.6368,35.76,98,100,11.12,light rain,2022-05-16 00:29:43
116,Noumea,NC,-22.2763,166.4572,78.78,99,35,12.03,scattered clouds,2022-05-16 00:30:19
117,Ca Mau,VN,9.1769,105.15,86.61,69,100,7.74,overcast clouds,2022-05-16 00:30:19
118,Erzin,TR,36.9559,36.2,59.36,90,9,2.62,clear sky,2022-05-16 00:30:19
119,Hasaki,JP,35.7333,140.8333,57.6,92,100,16.78,heavy intensity rain,2022-05-16 00:30:20
120,Xichang,CN,27.8964,102.2634,57.9,73,93,2.93,overcast clouds,2022-05-16 00:30:20
121,Kodiak,US,57.79,-152.4072,49.51,62,0,12.66,clear sky,2022-05-16 00:30:21
122,Pevek,RU,69.7008,170.3133,27.97,79,98,3.96,overcast clouds,2022-05-16 00:30:21
123,Orlovo,RU,51.754,39.5873,44.89,95,96,8.61,overcast clouds,2022-05-16 00:30:22
124,New Norfolk,AU,-42.7826,147.0587,51.66,51,78,11.65,broken clouds,2022-05-16 00:30:22
125,Sena Madureira,BR,-9.0656,-68.6569,74.01,98,83,1.72,broken clouds,2022-05-16 00:30:22
126,Pavilosta,LV,56.8879,21.1859,46.31,86,13,7.52,few clouds,2022-05-16 00:30:23
127,Beloha,MG,-25.1667,45.05,66.63,86,0,11.23,clear sky,2022-05-16 00:30:23
128,Asau,RO,46.4333,26.4,56.32,93,80,1.63,broken clouds,2022-05-16 00:29:15
129,Evensk,RU,61.95,159.2333,39.88,87,100,12.21,overcast clouds,2022-05-16 00:30:24
130,Chokurdakh,RU,70.6333,147.9167,19.42,83,97,11.25,overcast clouds,2022-05-16 00:29:20
131,Tahoua,NE,14.8888,5.2692,82.35,23,41,2.19,scattered clouds,2022-05-16 00:30:24
132,Iskateley,RU,67.6803,53.1512,34.74,93,100,11.83,overcast clouds,2022-05-16 00:30:25
133,Killam,CA,52.7834,-111.8518,67.95,18,100,5.75,overcast clouds,2022-05-16 00:30:25
134,Qaqortoq,GL,60.7167,-46.0333,31.19,75,55,2.04,broken clouds,2022-05-16 00:30:25
135,Berdigestyakh,RU,62.0989,126.6992,34.5,65,98,7.47,overcast clouds,2022-05-16 00:28:17
136,Tonekabon,IR,36.8163,50.8738,60.75,56,0,4.29,clear sky,2022-05-16 00:30:26
137,Saldanha,ZA,-33.0117,17.9442,57.25,46,0,8.68,clear sky,2022-05-16 00:30:26
138,Bundaberg,AU,-24.85,152.35,80.22,82,75,4.61,broken clouds,2022-05-16 00:26:49
139,Port Elizabeth,ZA,-33.918,25.5701,55.31,97,0,2.3,clear sky,2022-05-16 00:31:27
140,Chapais,CA,49.7834,-74.8492,56.98,93,100,6.89,overcast clouds,2022-05-16 00:31:27
141,Shenjiamen,CN,29.9576,122.298,62.56,68,100,11.36,overcast clouds,2022-05-16 00:31:28
142,Berezovyy,RU,51.6667,135.7,50.04,47,100,7.52,overcast clouds,2022-05-16 00:31:28
143,Dikson,RU,73.5069,80.5464,34.59,93,100,15.12,overcast clouds,2022-05-16 00:31:30
144,Etchoropo,MX,26.7667,-109.6667,92.41,35,87,6.89,overcast clouds,2022-05-16 00:31:30
145,Bandarbeyla,SO,9.4942,50.8122,81.43,80,100,20.22,overcast clouds,2022-05-16 00:31:31
146,Ambanja,MG,-13.6833,48.45,69.21,84,5,3.76,clear sky,2022-05-16 00:31:31
147,Bhabua,IN,25.05,83.6167,92.25,29,5,4.52,clear sky,2022-05-16 00:31:32
148,Uarini,BR,-2.99,-65.1083,75.0,98,100,1.72,light rain,2022-05-16 00:31:32
149,Chuy,UY,-33.6971,-53.4616,46.92,70,0,7.87,clear sky,2022-05-16 00:31:33
150,Grand-Lahou,CI,5.1367,-5.0242,79.7,86,98,6.58,overcast clouds,2022-05-16 00:31:33
151,Jamestown,US,42.097,-79.2353,73.04,54,0,3.44,clear sky,2022-05-16 00:30:31
152,Kontagora,NG,10.3999,5.4695,81.18,60,100,3.22,overcast clouds,2022-05-16 00:31:34
153,Namibe,AO,-15.1961,12.1522,71.15,62,8,7.94,clear sky,2022-05-16 00:31:34
154,Mount Gambier,AU,-37.8333,140.7667,56.66,57,96,11.81,overcast clouds,2022-05-16 00:31:34
155,Greenville,US,35.6127,-77.3663,80.55,63,40,12.66,scattered clouds,2022-05-16 00:30:19
156,Nouakchott,MR,18.0858,-15.9785,84.13,53,99,14.63,overcast clouds,2022-05-16 00:28:36
157,Mgandu,TZ,-5.95,34.1333,59.59,88,35,7.94,scattered clouds,2022-05-16 00:31:35
158,Iqaluit,CA,63.7506,-68.5145,26.33,79,100,12.66,overcast clouds,2022-05-16 00:30:13
159,Ukiah,US,39.1502,-123.2078,75.43,51,0,10.36,clear sky,2022-05-16 00:30:02
160,Torbay,CA,47.6666,-52.7314,35.28,84,75,3.44,broken clouds,2022-05-16 00:31:36
161,Khatanga,RU,71.9667,102.5,32.49,100,100,2.37,overcast clouds,2022-05-16 00:31:36
162,Galesong,ID,-5.3166,119.3661,77.02,79,87,4.61,overcast clouds,2022-05-16 00:29:41
163,Veraval,IN,20.9,70.3667,82.42,80,0,11.99,clear sky,2022-05-16 00:31:37
164,Mattru,SL,7.6244,-11.8332,78.15,93,95,1.97,overcast clouds,2022-05-16 00:27:07
165,Georgiyevka,KZ,43.0369,74.7114,53.64,87,0,6.71,clear sky,2022-05-16 00:31:37
166,Codrington,AU,-38.2667,141.9667,55.17,68,95,14.47,overcast clouds,2022-05-16 00:31:38
167,Stepnyak,KZ,52.8339,70.7803,57.85,78,98,12.3,overcast clouds,2022-05-16 00:31:38
168,Kendari,ID,-3.945,122.4989,85.26,71,8,1.34,clear sky,2022-05-16 00:31:38
169,Lahij,YE,13.1667,44.5833,81.64,28,0,3.76,clear sky,2022-05-16 00:31:39
170,Ipira,BR,-12.1583,-39.7372,68.41,95,88,6.38,overcast clouds,2022-05-16 00:31:39
171,Hofn,IS,64.2539,-15.2082,47.57,89,98,4.34,overcast clouds,2022-05-16 00:31:40
172,Guerrero Negro,MX,27.9769,-114.0611,68.16,62,70,15.37,broken clouds,2022-05-16 00:31:40
173,Villa Carlos Paz,AR,-31.4241,-64.4978,46.81,50,6,3.0,clear sky,2022-05-16 00:31:40
174,Vila,PT,42.0304,-8.1588,50.7,88,100,6.35,overcast clouds,2022-05-16 00:31:41
175,Jatai,BR,-17.8814,-51.7144,65.07,97,60,2.19,broken clouds,2022-05-16 00:31:41
176,Miyako,JP,39.6367,141.9525,58.26,50,100,6.96,overcast clouds,2022-05-16 00:31:42
177,Aconibe,GQ,1.2968,10.9369,67.82,98,100,1.81,light rain,2022-05-16 00:31:42
178,Riyadh,SA,24.6877,46.7219,71.74,9,0,6.93,clear sky,2022-05-16 00:28:59
179,Marzuq,YE,14.4,46.4667,68.4,15,0,3.38,clear sky,2022-05-16 00:31:42
180,Qaanaaq,GL,77.484,-69.3632,21.43,76,93,5.28,overcast clouds,2022-05-16 00:31:43
181,Ambilobe,MG,-13.2,49.05,68.04,87,6,2.95,clear sky,2022-05-16 00:31:43
182,Dzhebariki-Khaya,RU,62.2167,135.8,43.61,66,100,9.66,light rain,2022-05-16 00:31:44
183,Karpogory,RU,64.0019,44.4451,41.29,89,54,7.67,broken clouds,2022-05-16 00:31:45
184,Mayumba,GA,-3.432,10.6554,76.95,93,80,4.23,broken clouds,2022-05-16 00:32:45
185,Tiksi,RU,71.6872,128.8694,15.78,92,83,5.19,broken clouds,2022-05-16 00:32:45
186,Mar Del Plata,AR,-38.0023,-57.5575,51.94,85,40,11.5,scattered clouds,2022-05-16 00:32:46
187,Ahipara,NZ,-35.1667,173.1667,68.16,78,46,12.3,scattered clouds,2022-05-16 00:29:51
188,Hamilton,US,39.1834,-84.5333,79.65,59,0,4.61,clear sky,2022-05-16 00:32:46
189,Kavieng,PG,-2.5744,150.7967,84.11,65,100,1.99,overcast clouds,2022-05-16 00:32:47
190,Pisco,PE,-13.7,-76.2167,65.01,88,6,4.61,mist,2022-05-16 00:32:47
191,Eydhafushi,MV,5.1033,73.0708,81.95,79,100,21.79,light rain,2022-05-16 00:32:47
192,Norman Wells,CA,65.282,-126.8329,55.44,44,75,16.11,broken clouds,2022-05-16 00:32:48
193,Coquimbo,CL,-29.9533,-71.3436,56.93,82,100,2.3,overcast clouds,2022-05-16 00:30:17
194,Meulaboh,ID,4.1363,96.1285,77.68,88,100,3.91,overcast clouds,2022-05-16 00:31:01
195,Namatanai,PG,-3.6667,152.4333,84.87,62,100,2.19,overcast clouds,2022-05-16 00:31:35
196,Wewak,PG,-3.5534,143.6268,81.81,77,99,3.6,overcast clouds,2022-05-16 00:31:13
197,Gigmoto,PH,13.7796,124.39,85.12,71,100,9.66,overcast clouds,2022-05-16 00:32:49
198,Jinxiang,CN,27.4327,120.6062,55.72,86,100,7.61,overcast clouds,2022-05-16 00:32:49
199,Amapa,BR,1.0,-52.0,73.08,99,100,1.95,overcast clouds,2022-05-16 00:32:49
200,San Cristobal,VE,7.7669,-72.225,77.18,94,99,2.68,overcast clouds,2022-05-16 00:32:50
201,Oranjemund,NA,-28.55,16.4333,71.65,25,0,14.05,clear sky,2022-05-16 00:32:50
202,Severo-Kurilsk,RU,50.6789,156.125,36.64,98,100,14.32,light rain,2022-05-16 00:32:51
203,Lorengau,PG,-2.0226,147.2712,84.6,62,100,4.43,overcast clouds,2022-05-16 00:32:51
204,Brae,GB,60.3964,-1.353,48.38,90,99,8.39,overcast clouds,2022-05-16 00:32:51
205,Takoradi,GH,4.8845,-1.7554,79.93,85,43,3.89,light rain,2022-05-16 00:32:52
206,Lethem,GY,3.3803,-59.7968,79.36,77,100,4.9,overcast clouds,2022-05-16 00:32:52
207,Bojnurd,IR,37.4747,57.329,46.35,81,0,2.3,clear sky,2022-05-16 00:32:53
208,Maloy,NO,61.9353,5.1136,43.74,87,38,14.65,scattered clouds,2022-05-16 00:32:53
209,Axim,GH,4.8699,-2.2405,78.82,88,86,3.38,light rain,2022-05-16 00:32:54
210,Tocopilla,CL,-22.092,-70.1979,64.04,68,100,6.53,overcast clouds,2022-05-16 00:32:54
211,Ewa Beach,US,21.3156,-158.0072,81.43,64,75,12.66,broken clouds,2022-05-16 00:32:54
212,Trelew,AR,-43.249,-65.3051,47.77,77,0,8.08,clear sky,2022-05-16 00:32:55
213,Nanortalik,GL,60.1432,-45.2371,30.52,83,96,5.68,overcast clouds,2022-05-16 00:32:55
214,Lompoc,US,34.6391,-120.4579,69.94,85,100,16.11,overcast clouds,2022-05-16 00:32:56
215,Ranot,TH,7.7777,100.3213,83.07,77,100,9.22,overcast clouds,2022-05-16 00:32:56
216,Bowen,AU,-20.0167,148.2333,79.2,65,0,2.57,clear sky,2022-05-16 00:32:56
217,Adrar,MR,20.5022,-10.0711,85.66,12,8,9.35,clear sky,2022-05-16 00:32:57
218,Lagos,NG,6.5833,3.75,82.72,95,100,3.8,overcast clouds,2022-05-16 00:32:57
219,Neepawa,CA,50.2289,-99.4664,61.2,63,14,10.92,few clouds,2022-05-16 00:32:58
220,Ngemplak,ID,-7.5497,110.7164,81.01,81,60,7.4,broken clouds,2022-05-16 00:32:58
221,Baghdad,IQ,33.3406,44.4009,82.31,26,17,18.41,dust,2022-05-16 00:28:48
222,Grindavik,IS,63.8424,-22.4338,49.95,93,100,24.16,overcast clouds,2022-05-16 00:32:58
223,Vila Franca Do Campo,PT,37.7167,-25.4333,65.19,87,61,30.51,broken clouds,2022-05-16 00:32:59
224,Nuevo Progreso,MX,23.1667,-97.95,83.53,57,0,4.0,clear sky,2022-05-16 00:32:59
225,Gushi,CN,34.6425,109.5843,70.84,28,10,11.77,clear sky,2022-05-16 00:33:00
226,Bykovo,RU,55.6361,38.0803,49.73,71,0,6.71,clear sky,2022-05-16 00:33:00
227,Majene,ID,-3.5403,118.9707,83.71,75,86,3.02,moderate rain,2022-05-16 00:33:00
228,Calama,CL,-22.4667,-68.9333,54.09,19,0,8.05,clear sky,2022-05-16 00:33:01
229,Airai,TL,-8.9266,125.4092,70.63,63,1,2.28,clear sky,2022-05-16 00:33:01
230,Sabha,LY,27.0377,14.4283,71.67,17,0,11.1,clear sky,2022-05-16 00:29:08
231,Nanyuki,KE,0.0167,37.0728,54.66,82,5,7.56,clear sky,2022-05-16 00:34:02
232,Cocorit,MX,27.5833,-109.9667,88.14,14,81,9.42,broken clouds,2022-05-16 00:34:02
233,Zeya,RU,53.75,127.2667,47.7,26,7,9.6,clear sky,2022-05-16 00:33:08
234,Cockburn Town,TC,21.4612,-71.1419,79.02,83,100,19.8,overcast clouds,2022-05-16 00:34:03
235,Kudat,MY,6.8837,116.8477,84.29,79,20,1.14,few clouds,2022-05-16 00:34:03
236,Kodinsk,RU,58.6881,99.1844,66.7,33,14,1.28,few clouds,2022-05-16 00:34:03
237,Sambava,MG,-14.2667,50.1667,70.68,79,17,9.42,few clouds,2022-05-16 00:29:06
238,Changping,CN,40.2186,116.2197,67.64,13,0,6.35,clear sky,2022-05-16 00:34:04
239,Bria,CF,6.5423,21.9863,69.46,82,37,3.89,scattered clouds,2022-05-16 00:34:04
240,Staryy Nadym,RU,65.6118,72.6842,47.01,81,24,7.43,few clouds,2022-05-16 00:34:05
241,Kikuyu,KE,-1.2458,36.6633,59.97,77,75,0.0,broken clouds,2022-05-16 00:34:05
242,Collipulli,CL,-37.95,-72.4333,45.59,62,98,2.84,overcast clouds,2022-05-16 00:34:06
243,Arrecife,ES,28.963,-13.5477,67.98,77,20,8.05,few clouds,2022-05-16 00:34:06
244,Comodoro Rivadavia,AR,-45.8667,-67.5,37.26,87,0,6.91,clear sky,2022-05-16 00:34:06
245,College,US,64.8569,-147.8028,52.29,46,75,12.66,broken clouds,2022-05-16 00:34:07
246,Port Hardy,CA,50.6996,-127.4199,48.38,93,100,3.44,light rain,2022-05-16 00:29:29
247,Grand Haven,US,43.0631,-86.2284,65.08,66,100,0.0,overcast clouds,2022-05-16 00:34:07
248,Hailey,US,43.5196,-114.3153,71.8,31,0,11.01,clear sky,2022-05-16 00:34:08
249,Haines Junction,CA,60.7522,-137.5108,48.15,46,100,3.44,overcast clouds,2022-05-16 00:34:08
250,Baruun-Urt,MN,46.6806,113.2792,59.32,24,99,13.71,overcast clouds,2022-05-16 00:34:09
251,Korla,CN,41.7597,86.1469,71.29,17,100,8.08,overcast clouds,2022-05-16 00:34:09
252,Hami,CN,42.8,93.45,69.8,6,98,11.79,overcast clouds,2022-05-16 00:34:09
253,Kourou,GF,5.1552,-52.6478,80.11,94,100,7.92,moderate rain,2022-05-16 00:34:10
254,Wajir,KE,1.7471,40.0573,77.32,70,100,12.41,overcast clouds,2022-05-16 00:34:10
255,Turhal,TR,40.3875,36.0811,50.61,77,27,1.23,scattered clouds,2022-05-16 00:34:11
256,Bethel,US,41.3712,-73.414,70.18,79,67,4.97,broken clouds,2022-05-16 00:34:11
257,Awjilah,LY,29.1081,21.2869,70.52,34,0,9.78,clear sky,2022-05-16 00:34:11
258,Honningsvag,NO,70.9821,25.9704,38.95,81,100,14.97,overcast clouds,2022-05-16 00:34:12
259,Zemio,CF,5.0314,25.1361,69.76,98,100,3.4,light rain,2022-05-16 00:34:12
260,Tabou,CI,4.423,-7.3528,78.64,88,100,6.8,light rain,2022-05-16 00:34:13
261,Ilulissat,GL,69.2167,-51.1,21.22,63,27,0.0,scattered clouds,2022-05-16 00:34:15
262,Sur,OM,22.5667,59.5289,82.36,59,0,5.26,clear sky,2022-05-16 00:34:15
263,Umm Lajj,SA,25.0213,37.2685,83.66,51,0,10.11,clear sky,2022-05-16 00:34:16
264,Shingu,JP,33.7333,135.9833,58.93,85,100,2.98,light rain,2022-05-16 00:34:16
265,Ponta Delgada,PT,37.7333,-25.6667,65.5,77,75,31.07,broken clouds,2022-05-16 00:34:17
266,Gao,ML,16.6362,1.637,90.91,25,75,7.52,broken clouds,2022-05-16 00:34:17
267,Buncrana,IE,55.1333,-7.45,54.88,96,100,12.84,overcast clouds,2022-05-16 00:34:17
268,Alindao,CF,5.0267,21.2088,71.47,86,14,2.26,few clouds,2022-05-16 00:34:18
269,Hovd,MN,48.0056,91.6419,62.98,19,100,1.57,overcast clouds,2022-05-16 00:34:18
270,Tiradentes,BR,-21.1103,-44.1781,57.65,95,29,3.09,scattered clouds,2022-05-16 00:34:19
271,Bilma,NE,18.6853,12.9164,78.71,19,0,12.44,clear sky,2022-05-16 00:34:19
272,Anadyr,RU,64.75,177.4833,43.3,65,0,15.66,clear sky,2022-05-16 00:34:20
273,Sile,TR,41.1754,29.6133,59.58,77,67,1.01,broken clouds,2022-05-16 00:34:20
274,Polis,CY,35.0367,32.4264,62.42,83,0,6.13,clear sky,2022-05-16 00:34:21
275,Parintins,BR,-2.6283,-56.7358,75.47,97,100,2.98,moderate rain,2022-05-16 00:34:21
276,Domoni,KM,-12.2569,44.5319,78.28,74,5,10.27,clear sky,2022-05-16 00:35:21
277,Praia Da Vitoria,PT,38.7333,-27.0667,62.85,94,40,43.28,scattered clouds,2022-05-16 00:35:22
278,Shache,CN,38.4167,77.2406,64.71,45,100,6.38,overcast clouds,2022-05-16 00:35:22
279,Lere,NG,10.387,8.5726,74.75,61,46,4.59,scattered clouds,2022-05-16 00:35:23
280,Harper,LR,4.375,-7.7169,78.58,88,100,7.18,light rain,2022-05-16 00:35:23
281,Tual,ID,-5.6667,132.75,82.65,75,100,10.22,moderate rain,2022-05-16 00:31:19
282,Konakovo,RU,56.7,36.7667,40.14,93,54,8.43,broken clouds,2022-05-16 00:35:24
283,Atar,MR,20.5169,-13.0499,89.8,15,100,8.86,overcast clouds,2022-05-16 00:35:24
284,Faanui,PF,-16.4833,-151.75,80.46,72,22,7.85,few clouds,2022-05-16 00:35:24
285,Constitucion,CL,-35.3333,-72.4167,56.01,57,100,3.71,overcast clouds,2022-05-16 00:31:47
286,Pangoa,PE,-12.1167,-73.0,68.79,98,100,1.86,overcast clouds,2022-05-16 00:35:25
287,Najran,SA,17.4924,44.1277,66.85,9,5,1.7,clear sky,2022-05-16 00:35:25
288,Arcachon,FR,44.5875,-1.0519,64.72,94,91,0.0,overcast clouds,2022-05-16 00:35:26
289,Keti Bandar,PK,24.1447,67.4497,81.86,82,0,19.66,clear sky,2022-05-16 00:35:26
290,Tautira,PF,-17.7333,-149.15,81.25,72,100,14.41,light rain,2022-05-16 00:35:26
291,Nantucket,US,41.2835,-70.0995,58.01,98,100,9.22,fog,2022-05-16 00:30:47
292,Karratha,AU,-20.7377,116.8463,78.31,30,9,18.9,clear sky,2022-05-16 00:35:27
293,Saint George,US,37.1041,-113.5841,94.62,5,100,8.99,overcast clouds,2022-05-16 00:35:15
294,Hailar,CN,49.2,119.7,58.23,28,6,8.93,clear sky,2022-05-16 00:31:04
295,Chokwe,MZ,-24.5333,32.9833,63.77,97,19,6.82,few clouds,2022-05-16 00:35:28
296,Koster,ZA,-25.863,26.8976,49.75,88,44,5.28,scattered clouds,2022-05-16 00:35:28
297,Gaziantep,TR,37.0594,37.3825,49.93,93,0,0.0,clear sky,2022-05-16 00:35:29
298,Sao Filipe,CV,14.8961,-24.4956,75.34,75,100,8.12,overcast clouds,2022-05-16 00:35:29
299,Sinop,TR,41.7711,34.8709,51.13,60,5,4.56,clear sky,2022-05-16 00:32:40
300,Solnechnyy,RU,50.7214,136.6319,48.9,56,97,3.94,overcast clouds,2022-05-16 00:35:30
301,Bambous Virieux,MU,-20.3428,57.7575,73.65,88,40,11.5,moderate rain,2022-05-16 00:35:30
302,Banjarmasin,ID,-3.3244,114.591,77.14,83,54,2.8,broken clouds,2022-05-16 00:35:30
303,Yar-Sale,RU,66.8333,70.8333,37.92,98,99,8.63,overcast clouds,2022-05-16 00:35:31
304,Basco,PH,20.4487,121.9702,81.21,81,100,15.03,heavy intensity rain,2022-05-16 00:35:31
305,Bonthe,SL,7.5264,-12.505,81.09,87,100,5.17,overcast clouds,2022-05-16 00:35:32
306,Grove City,US,39.8815,-83.093,79.07,50,0,4.61,clear sky,2022-05-16 00:35:32
307,Vaitape,PF,-16.5167,-151.75,80.46,72,23,7.85,few clouds,2022-05-16 00:35:32
308,Mangai,CD,-4.05,19.5333,70.97,83,35,0.56,scattered clouds,2022-05-16 00:35:33
309,Klaksvik,FO,62.2266,-6.589,45.52,97,80,11.23,broken clouds,2022-05-16 00:33:17
310,Bahawalpur,PK,29.4,71.6833,85.33,36,0,13.82,clear sky,2022-05-16 00:35:37
311,Kang,BW,-23.6752,22.7876,59.94,41,6,8.12,clear sky,2022-05-16 00:35:37
312,Kaduqli,SD,11.0167,29.7167,79.68,62,100,10.16,overcast clouds,2022-05-16 00:35:37
313,Santarem,BR,-2.4431,-54.7083,78.93,94,40,3.44,moderate rain,2022-05-16 00:35:38
314,Jaru,BR,-10.4389,-62.4664,74.55,92,100,1.81,overcast clouds,2022-05-16 00:35:38
315,Yerofey Pavlovich,RU,53.9667,121.9667,51.24,38,99,10.07,overcast clouds,2022-05-16 00:35:39
316,Quatre Cocos,MU,-20.2078,57.7625,73.51,85,45,11.03,moderate rain,2022-05-16 00:35:39
317,Batagay,RU,67.6333,134.6333,28.11,73,100,5.26,overcast clouds,2022-05-16 00:31:14
318,Bairiki,KI,1.3292,172.9752,86.0,70,40,9.22,scattered clouds,2022-05-16 00:35:40
319,Cabo San Lucas,MX,22.8909,-109.9124,94.3,14,40,12.66,scattered clouds,2022-05-16 00:34:06
320,Sangueya,GN,10.7,-14.3667,77.41,92,13,3.69,few clouds,2022-05-16 00:35:40
321,Vardo,NO,70.3705,31.1107,37.38,81,100,9.22,overcast clouds,2022-05-16 00:35:41
322,Carnarvon,AU,-24.8667,113.6333,67.71,36,0,9.35,clear sky,2022-05-16 00:34:48
323,Kuytun,RU,54.3419,101.5036,63.12,35,100,5.93,overcast clouds,2022-05-16 00:36:41
324,Mercedes,AR,-34.6515,-59.4307,53.78,50,100,12.12,overcast clouds,2022-05-16 00:36:41
325,Gadarwara,IN,22.9167,78.7833,90.05,26,10,6.8,clear sky,2022-05-16 00:36:42
326,Sabang,ID,5.8933,95.3214,83.59,76,100,17.45,overcast clouds,2022-05-16 00:36:46
327,Port Lincoln,AU,-34.7333,135.8667,60.39,60,70,17.87,broken clouds,2022-05-16 00:36:46
328,Taoudenni,ML,22.6783,-3.9836,88.95,6,78,15.3,broken clouds,2022-05-16 00:36:47
329,Nampula,MZ,-15.1165,39.2666,66.15,94,40,8.05,scattered clouds,2022-05-16 00:36:47
330,Mayo,US,38.8876,-76.5119,71.96,91,40,0.0,scattered clouds,2022-05-16 00:36:48
331,Ugoofaaru,MV,5.6667,73.0,80.74,84,100,19.44,moderate rain,2022-05-16 00:36:48
332,Mazatlan,MX,23.2167,-106.4167,84.16,74,0,8.05,clear sky,2022-05-16 00:33:04
333,Touros,BR,-5.1989,-35.4608,77.25,89,79,8.1,broken clouds,2022-05-16 00:36:49
334,Wahiawa,US,21.5028,-158.0236,78.21,67,100,9.22,overcast clouds,2022-05-16 00:32:25
335,Alofi,NU,-19.0595,-169.9187,78.69,61,40,11.5,scattered clouds,2022-05-16 00:36:49
336,Bondoukou,CI,8.0333,-2.8,73.29,93,15,4.36,few clouds,2022-05-16 00:36:49
337,Havelock,US,34.8791,-76.9013,73.94,87,66,3.0,broken clouds,2022-05-16 00:36:50
338,Sao Joao Da Barra,BR,-21.6403,-41.0511,73.04,86,32,13.71,scattered clouds,2022-05-16 00:36:50
339,Derzhavinsk,KZ,51.1,66.3167,58.98,63,100,14.05,overcast clouds,2022-05-16 00:36:51
340,Nikolskoye,RU,59.7035,30.7861,47.88,89,100,7.63,overcast clouds,2022-05-16 00:36:51
341,Barinas,VE,8.6226,-70.2075,93.24,52,100,3.44,overcast clouds,2022-05-16 00:36:52
342,Batemans Bay,AU,-35.7167,150.1833,63.1,47,0,6.71,clear sky,2022-05-16 00:36:52
343,Xian,CN,34.2583,108.9286,63.41,33,74,2.91,broken clouds,2022-05-16 00:32:32
344,Lianzhou,CN,24.7811,112.3825,60.67,90,100,5.93,overcast clouds,2022-05-16 00:36:52
345,Otane,NZ,-39.8833,176.6333,61.02,94,100,2.39,overcast clouds,2022-05-16 00:32:56
346,Fortuna,US,40.5982,-124.1573,66.92,67,20,14.97,few clouds,2022-05-16 00:36:53
347,Guapore,BR,-28.8456,-51.8903,52.72,99,100,4.05,overcast clouds,2022-05-16 00:36:53
348,Sesheke,ZM,-17.4759,24.2968,54.55,50,0,5.88,clear sky,2022-05-16 00:36:54
349,Phalaborwa,ZA,-23.943,31.1411,61.88,91,42,7.74,scattered clouds,2022-05-16 00:36:54
350,Makakilo City,US,21.3469,-158.0858,80.01,64,100,12.66,overcast clouds,2022-05-16 00:32:21
351,Port-Gentil,GA,-0.7193,8.7815,80.2,87,100,11.27,light rain,2022-05-16 00:32:53
352,Luderitz,NA,-26.6481,15.1594,71.6,27,44,7.18,scattered clouds,2022-05-16 00:36:55
353,Songkhla,TH,6.8333,100.6667,83.84,89,100,5.93,overcast clouds,2022-05-16 00:36:55
354,Sitka,US,57.0531,-135.33,55.29,44,0,13.8,clear sky,2022-05-16 00:36:55
355,Ierapetra,GR,35.01,25.7353,65.14,53,0,4.0,clear sky,2022-05-16 00:36:56
356,Vanavara,RU,60.34,102.2797,62.11,38,0,2.82,clear sky,2022-05-16 00:36:56
357,Ciudad Bolivar,VE,8.1222,-63.5497,82.36,70,95,12.17,overcast clouds,2022-05-16 00:36:57
358,Kefalos,GR,36.7453,26.9589,62.82,82,0,9.22,clear sky,2022-05-16 00:36:57
359,Mitsamiouli,KM,-11.3847,43.2844,79.43,69,6,6.08,clear sky,2022-05-16 00:36:58
360,Oktyabrskoye,RU,43.0645,44.7417,51.94,81,100,4.47,overcast clouds,2022-05-16 00:36:58
361,Lifford,IE,54.8319,-7.4836,55.33,97,100,11.16,overcast clouds,2022-05-16 00:36:58
362,Marawi,PH,7.9986,124.2928,78.6,73,98,0.31,overcast clouds,2022-05-16 00:32:36
363,Gold Coast,AU,-28.0,153.4333,78.91,91,75,5.75,broken clouds,2022-05-16 00:36:06
364,Muisne,EC,0.6,-80.0333,78.26,88,100,10.67,light rain,2022-05-16 00:36:59
365,Mizan Teferi,ET,6.9833,35.5833,60.8,96,78,2.3,broken clouds,2022-05-16 00:36:59
366,Kastamonu,TR,41.5,33.6667,46.56,67,42,3.0,scattered clouds,2022-05-16 00:37:00
367,Hervey Bay,AU,-25.2986,152.8535,79.02,88,0,3.0,clear sky,2022-05-16 00:37:00
368,Padre Bernardo,BR,-15.35,-48.5,74.16,54,100,2.62,overcast clouds,2022-05-16 00:37:01
369,Ancud,CL,-41.8697,-73.8203,46.6,76,100,9.84,overcast clouds,2022-05-16 00:38:01
370,Aksarka,RU,66.5606,67.7975,45.37,86,75,10.92,broken clouds,2022-05-16 00:38:01
371,Maracas,BR,-13.4411,-40.4308,63.72,93,100,3.49,overcast clouds,2022-05-16 00:38:02
372,Sesimbra,PT,38.4445,-9.1015,65.77,94,95,10.27,overcast clouds,2022-05-16 00:38:02
373,Aitape,PG,-3.1374,142.3475,85.42,66,86,2.57,overcast clouds,2022-05-16 00:38:03
374,San Jose,US,37.3394,-121.895,77.09,56,75,14.97,broken clouds,2022-05-16 00:37:39
375,Cravo Norte,CO,6.3017,-70.2041,80.85,70,100,5.14,overcast clouds,2022-05-16 00:38:03
376,Maracacume,BR,-2.0428,-45.9592,74.82,95,100,3.04,overcast clouds,2022-05-16 00:38:04
377,Tromso,NO,69.6496,18.957,35.62,87,100,11.5,light snow,2022-05-16 00:38:04
378,Kuusankoski,FI,60.907,26.6244,45.41,72,0,5.75,clear sky,2022-05-16 00:38:04
379,Masuguru,TZ,-11.3667,38.4167,66.36,87,0,2.01,clear sky,2022-05-16 00:38:05
380,Teguise,ES,29.0605,-13.564,64.62,77,20,8.05,few clouds,2022-05-16 00:38:05
381,Leningradskiy,RU,69.3833,178.4167,26.91,76,100,3.67,overcast clouds,2022-05-16 00:38:06
382,Turukhansk,RU,65.8167,87.9833,57.4,58,100,6.82,overcast clouds,2022-05-16 00:38:06
383,Bogandinskiy,RU,56.8937,65.8938,50.52,87,100,7.29,overcast clouds,2022-05-16 00:38:07
384,Gamba,GA,-2.65,10.0,77.25,93,100,5.06,overcast clouds,2022-05-16 00:38:07
385,Gat,IL,31.61,34.7642,65.39,86,38,0.81,scattered clouds,2022-05-16 00:38:07
386,Havoysund,NO,70.9963,24.6622,39.43,98,100,15.21,overcast clouds,2022-05-16 00:38:08
387,Yerbogachen,RU,61.2767,108.0108,58.3,49,61,6.08,broken clouds,2022-05-16 00:38:08
388,Sikeston,US,36.8767,-89.5879,71.64,83,0,3.44,clear sky,2022-05-16 00:38:09
389,Port Hueneme,US,34.1478,-119.1951,91.2,60,0,16.11,clear sky,2022-05-16 00:38:09
390,Araouane,ML,18.9048,-3.5265,84.22,9,0,7.11,clear sky,2022-05-16 00:38:10
391,Sakakah,SA,29.9697,40.2064,76.57,28,20,9.13,few clouds,2022-05-16 00:38:10
392,Tchollire,CM,8.4022,14.1698,76.35,76,100,2.13,overcast clouds,2022-05-16 00:38:10
393,Xining,CN,36.6167,101.7667,41.41,64,7,2.13,clear sky,2022-05-16 00:38:11
394,Wanaka,NZ,-44.7,169.15,52.11,80,2,1.01,clear sky,2022-05-16 00:38:09
395,Palembang,ID,-2.9167,104.7458,77.09,88,20,0.0,few clouds,2022-05-16 00:38:11
396,Ambad,IN,19.6167,75.8,84.79,40,47,1.41,scattered clouds,2022-05-16 00:38:12
397,Dhidhdhoo,MV,6.8833,73.1,82.09,82,100,20.0,overcast clouds,2022-05-16 00:38:12
398,Guarapari,BR,-20.6667,-40.4975,70.81,85,75,12.1,broken clouds,2022-05-16 00:38:13
399,Madang,PG,-5.2246,145.7966,85.66,63,53,1.07,broken clouds,2022-05-16 00:38:13
400,Ketchikan,US,55.3422,-131.6461,48.67,87,100,8.05,light rain,2022-05-16 00:38:14
401,Siderno,IT,38.2779,16.302,65.34,59,72,7.2,broken clouds,2022-05-16 00:38:14
402,Aripuana,BR,-9.1667,-60.6333,75.33,93,91,1.39,overcast clouds,2022-05-16 00:38:15
403,Areosa,PT,41.7178,-8.8571,60.75,93,98,18.3,overcast clouds,2022-05-16 00:38:15
404,San Miguel,SV,13.4833,-88.1833,89.26,66,0,6.91,clear sky,2022-05-16 00:38:16
405,Mackay,AU,-21.15,149.2,83.68,72,0,6.29,clear sky,2022-05-16 00:33:18
406,Coihaique,CL,-45.5752,-72.0662,36.21,93,40,0.0,scattered clouds,2022-05-16 00:37:07
407,Lata,PT,40.1629,-8.3327,59.92,91,100,4.34,overcast clouds,2022-05-16 00:38:16
408,Lormont,FR,44.875,-0.5178,64.4,94,97,2.3,overcast clouds,2022-05-16 00:38:17
409,Bathsheba,BB,13.2167,-59.5167,81.21,83,75,21.85,broken clouds,2022-05-16 00:38:17
410,Tarnogskiy Gorodok,RU,60.4997,43.5761,44.98,98,100,2.62,overcast clouds,2022-05-16 00:38:17
411,Ha Tinh,VN,18.3333,105.9,66.65,95,100,10.29,overcast clouds,2022-05-16 00:38:07
412,Richards Bay,ZA,-28.783,32.0377,64.58,87,44,2.39,scattered clouds,2022-05-16 00:38:18
413,Kintampo,GH,8.0563,-1.7306,74.64,87,88,4.03,overcast clouds,2022-05-16 00:38:18
414,Passos,BR,-20.7189,-46.6097,61.23,95,85,1.01,overcast clouds,2022-05-16 00:34:10
415,Laguna,US,38.421,-121.4238,89.46,46,0,19.57,clear sky,2022-05-16 00:33:26
416,Tazmalt,DZ,36.3868,4.3989,72.19,48,51,3.27,broken clouds,2022-05-16 00:39:19
417,Baft,IR,29.234,56.6057,53.78,19,0,7.18,clear sky,2022-05-16 00:39:19
418,Oriximina,BR,-1.7656,-55.8661,75.74,94,100,2.19,heavy intensity rain,2022-05-16 00:39:20
419,Reconquista,AR,-29.15,-59.65,50.14,58,0,6.71,clear sky,2022-05-16 00:39:20
420,Abeokuta,NG,7.15,3.35,76.37,96,99,2.68,overcast clouds,2022-05-16 00:39:20
421,Nosy Varika,MG,-20.5833,48.5333,66.34,87,5,7.52,clear sky,2022-05-16 00:39:21
422,Hwange,ZW,-18.3693,26.5019,59.9,59,0,2.68,clear sky,2022-05-16 00:39:21
423,Bombay,IN,19.0144,72.8479,84.18,84,40,4.61,haze,2022-05-16 00:35:29
424,Gladstone,AU,-23.85,151.25,78.78,73,100,4.61,overcast clouds,2022-05-16 00:39:22
425,Kununurra,AU,-15.7667,128.7333,82.38,69,0,2.3,clear sky,2022-05-16 00:39:22
426,Guadalajara,MX,20.6667,-103.3333,85.77,17,75,9.22,broken clouds,2022-05-16 00:34:42
427,Bahile,PH,9.9995,118.7878,82.27,75,91,2.55,overcast clouds,2022-05-16 00:39:23
428,Paita,PE,-5.0892,-81.1144,67.15,79,68,15.9,broken clouds,2022-05-16 00:39:23
429,Aloleng,PH,16.1307,119.7824,85.08,68,100,3.69,overcast clouds,2022-05-16 00:39:24
430,Lusambo,CD,-4.9667,23.45,70.72,80,8,0.94,clear sky,2022-05-16 00:39:24
431,Itarema,BR,-2.9248,-39.9167,76.69,91,82,9.62,broken clouds,2022-05-16 00:38:46
432,Tulun,RU,54.5611,100.5792,67.05,30,100,8.16,overcast clouds,2022-05-16 00:39:24
433,Berlevag,NO,70.8578,29.0864,37.35,75,100,13.8,overcast clouds,2022-05-16 00:35:34
434,Paamiut,GL,61.994,-49.6678,32.86,76,5,9.84,clear sky,2022-05-16 00:39:25
435,Kalmunai,LK,7.4167,81.8167,79.74,77,19,5.77,few clouds,2022-05-16 00:39:25
436,Sicuani,PE,-14.2694,-71.2261,46.45,61,1,3.56,clear sky,2022-05-16 00:39:26
437,Yulara,AU,-25.2406,130.9889,68.95,27,1,14.74,clear sky,2022-05-16 00:39:26
438,Kirakira,SB,-10.4544,161.9205,83.53,75,26,2.44,scattered clouds,2022-05-16 00:39:27
439,Sao Gotardo,BR,-19.3111,-46.0489,59.63,89,71,3.87,broken clouds,2022-05-16 00:39:27
440,Malmo,SE,55.6059,13.0007,46.29,80,37,5.08,scattered clouds,2022-05-16 00:39:27
441,Port Blair,IN,11.6667,92.75,83.75,77,95,7.07,overcast clouds,2022-05-16 00:39:28
442,Hadejia,NG,12.4498,10.0444,82.58,19,16,6.04,few clouds,2022-05-16 00:39:28
443,Ostrovnoy,RU,68.0531,39.5131,34.77,87,21,6.24,few clouds,2022-05-16 00:39:29
444,Sola,VU,-13.8833,167.55,84.87,74,100,6.91,overcast clouds,2022-05-16 00:39:29
445,Nogliki,RU,51.8333,143.1667,33.17,100,100,4.45,light snow,2022-05-16 00:39:29
446,Saint-Pierre,RE,-21.3393,55.4781,70.92,68,75,5.75,broken clouds,2022-05-16 00:39:30
447,Tucurui,BR,-3.7661,-49.6725,75.87,94,100,2.19,overcast clouds,2022-05-16 00:39:30
448,Saint-Ambroise,CA,48.5501,-71.3324,57.74,95,100,9.4,overcast clouds,2022-05-16 00:39:30
449,Camacupa,AO,-12.0167,17.4833,61.86,55,63,2.42,broken clouds,2022-05-16 00:39:31
450,Souillac,MU,-20.5167,57.5167,73.78,88,40,11.5,light rain,2022-05-16 00:39:31
451,Nizhneangarsk,RU,55.7833,109.55,43.65,62,47,0.74,scattered clouds,2022-05-16 00:39:32
452,Mersing,MY,2.4312,103.8405,76.91,94,40,5.75,scattered clouds,2022-05-16 00:39:36
453,Cairns,AU,-16.9167,145.7667,84.07,70,40,5.75,scattered clouds,2022-05-16 00:39:37
454,Te Anau,NZ,-45.4167,167.7167,57.76,60,14,3.71,few clouds,2022-05-16 00:39:37
455,Bafq,IR,31.6128,55.4107,70.59,14,0,5.44,clear sky,2022-05-16 00:39:37
456,Macusani,PE,-14.0833,-70.4333,35.4,92,75,4.81,broken clouds,2022-05-16 00:39:38
457,Artvin,TR,41.1667,41.8333,51.82,83,100,4.61,light rain,2022-05-16 00:39:38
458,Nalut,LY,30.3333,10.85,72.14,19,78,7.58,broken clouds,2022-05-16 00:39:39
459,Kibala,TD,9.1104,18.3463,76.95,83,20,0.0,few clouds,2022-05-16 00:39:39
460,Basag,PH,8.9247,125.6178,83.89,69,100,5.3,overcast clouds,2022-05-16 00:39:39
461,Thunder Bay,CA,48.4001,-89.3168,64.38,36,100,10.36,overcast clouds,2022-05-16 00:39:34
462,Muslyumovo,RU,55.3033,53.1947,50.38,93,100,4.45,light rain,2022-05-16 00:40:40
463,Mount Isa,AU,-20.7333,139.5,76.77,44,0,12.66,clear sky,2022-05-16 00:40:40
464,Inndyr,NO,67.0338,14.0276,39.24,86,100,10.04,overcast clouds,2022-05-16 00:40:41
465,Ola,RU,59.5833,151.2833,41.14,84,86,26.93,overcast clouds,2022-05-16 00:40:41
466,Garissa,KE,-0.4536,39.6401,75.76,77,60,18.43,broken clouds,2022-05-16 00:40:41
467,Killybegs,IE,54.6333,-8.45,55.45,94,100,12.55,overcast clouds,2022-05-16 00:40:42
468,Donja Dubica,BA,45.075,18.4114,59.27,71,2,3.13,clear sky,2022-05-16 00:40:42
469,Kulhudhuffushi,MV,6.6221,73.07,81.84,82,100,21.21,overcast clouds,2022-05-16 00:40:43
470,Zheleznodorozhnyy,RU,55.7503,38.0042,48.22,87,97,10.45,overcast clouds,2022-05-16 00:40:43
471,Boguchany,RU,58.3814,97.4531,64.8,46,100,1.32,overcast clouds,2022-05-16 00:40:44
472,Shwebo,MM,22.5667,95.7,84.97,66,74,12.26,broken clouds,2022-05-16 00:40:44
473,Aksarayskiy,RU,46.7924,48.0119,59.59,59,15,5.84,few clouds,2022-05-16 00:40:44
474,Lagunas,PE,-5.2269,-75.6753,72.81,97,97,1.05,overcast clouds,2022-05-16 00:40:45
475,Lakes Entrance,AU,-37.8811,147.981,66.16,51,58,9.95,broken clouds,2022-05-16 00:40:45
476,Muros,ES,42.7762,-9.0603,66.16,89,100,17.05,overcast clouds,2022-05-16 00:40:03
477,Terrace Bay,CA,48.7834,-87.1,43.34,79,51,2.84,broken clouds,2022-05-16 00:40:46
478,Loiza,PR,18.4313,-65.8802,80.6,81,40,11.5,scattered clouds,2022-05-16 00:40:46
479,Serenje,ZM,-13.2325,30.2352,51.55,83,0,7.56,clear sky,2022-05-16 00:40:47
480,Sajanan,TN,37.0573,9.2426,58.12,59,30,2.57,scattered clouds,2022-05-16 00:40:47
481,Bulawayo,ZW,-20.15,28.5833,53.67,90,13,10.78,few clouds,2022-05-16 00:40:47
482,Sroda Wielkopolska,PL,52.2284,17.2762,48.22,79,0,4.81,clear sky,2022-05-16 00:39:06
483,Parit Buntar,MY,5.1267,100.4932,80.58,86,100,3.85,overcast clouds,2022-05-16 00:40:48
484,Belogorsk,RU,50.9158,128.4611,47.17,31,92,12.66,overcast clouds,2022-05-16 00:40:48
485,Biltine,TD,14.5333,20.9167,83.08,38,100,3.27,overcast clouds,2022-05-16 00:40:49
486,Pivijay,CO,10.4617,-74.6162,79.66,85,98,4.74,overcast clouds,2022-05-16 00:40:49
487,Lardos,GR,36.0942,28.0157,67.82,81,0,11.32,clear sky,2022-05-16 00:40:50
488,Vacaria,BR,-28.5122,-50.9339,49.95,98,100,4.97,overcast clouds,2022-05-16 00:40:50
489,Tchamba,TG,9.0333,1.4167,79.03,90,97,2.17,light rain,2022-05-16 00:40:50
490,Stargard Szczecinski,PL,53.3367,15.0499,42.82,87,77,2.77,broken clouds,2022-05-16 00:40:51
491,Arrifes,PT,37.7667,-25.7,63.23,77,75,31.07,broken clouds,2022-05-16 00:40:51
492,Osoyoos,CA,49.0331,-119.4524,55.81,95,100,4.61,overcast clouds,2022-05-16 00:40:48
493,Lagoa,PT,39.05,-27.9833,58.1,80,1,51.09,clear sky,2022-05-16 00:36:00
494,Sechura,PE,-5.5569,-80.8222,67.55,75,52,14.79,broken clouds,2022-05-16 00:40:52
495,Daitari,IN,21.1,85.75,79.72,81,53,4.32,broken clouds,2022-05-16 00:40:52
496,Mweka,CD,-4.85,21.5667,69.6,80,88,0.85,overcast clouds,2022-05-16 00:40:53
497,Palapye,BW,-22.546,27.1251,61.54,81,93,12.24,overcast clouds,2022-05-16 00:40:54
498,Salinas,US,36.6777,-121.6555,78.01,69,40,12.66,scattered clouds,2022-05-16 00:40:54
499,Consuegra,ES,39.4625,-3.608,60.24,57,37,6.76,scattered clouds,2022-05-16 00:40:55
500,Goderich,CA,43.7501,-81.7165,62.92,72,100,5.75,overcast clouds,2022-05-16 00:40:55
501,Nikel,RU,69.4128,30.222,37.58,83,100,7.25,overcast clouds,2022-05-16 00:40:56
502,Caxito,AO,-8.5785,13.6643,71.64,98,14,2.71,few clouds,2022-05-16 00:40:56
503,Dharmavaram,IN,14.4333,77.7167,80.53,69,100,12.57,overcast clouds,2022-05-16 00:40:56
504,Camocim,BR,-2.9022,-40.8411,77.45,88,43,9.91,scattered clouds,2022-05-16 00:39:48
505,Colares,PT,38.7992,-9.4469,65.79,77,65,15.99,broken clouds,2022-05-16 00:40:57
506,Aykhal,RU,66.0,111.5,36.91,92,100,3.09,overcast clouds,2022-05-16 00:40:57
507,Bichena,ET,10.45,38.2,58.23,25,49,3.11,scattered clouds,2022-05-16 00:40:58
508,Pangnirtung,CA,66.1451,-65.7125,16.2,91,49,4.63,scattered clouds,2022-05-16 00:38:27
509,Macas,EC,-2.3167,-78.1167,66.45,98,100,1.92,overcast clouds,2022-05-16 00:38:33
510,Yuryevets,RU,57.3201,43.1041,44.8,92,98,9.57,overcast clouds,2022-05-16 00:41:58
511,Mantua,IT,45.1667,10.7833,69.04,83,91,1.99,overcast clouds,2022-05-16 00:41:59
512,Kaseda,JP,31.4167,130.3167,62.73,76,100,4.07,light rain,2022-05-16 00:42:00
513,Port Augusta,AU,-32.5,137.7667,64.56,56,5,8.88,clear sky,2022-05-16 00:42:00
514,Srednekolymsk,RU,67.45,153.6833,32.97,97,100,13.33,overcast clouds,2022-05-16 00:42:01
515,Ingraj Bazar,IN,25.0,88.15,86.9,68,83,13.22,broken clouds,2022-05-16 00:42:01
516,North Bend,US,43.4065,-124.2243,67.91,79,100,20.71,overcast clouds,2022-05-16 00:42:02
517,Belyy Yar,RU,53.6039,91.3903,63.86,63,40,4.47,scattered clouds,2022-05-16 00:42:03
518,Saint-Augustin,CA,51.226,-58.6502,39.04,60,73,5.73,broken clouds,2022-05-16 00:42:03
519,Yarada,IN,17.65,83.2667,84.52,94,40,2.3,mist,2022-05-16 00:42:04
520,Bose,IT,45.4612,8.0137,65.21,85,94,4.27,overcast clouds,2022-05-16 00:42:04
521,San Patricio,US,28.017,-97.5169,87.19,69,0,14.97,clear sky,2022-05-16 00:42:06
522,Liberal,US,37.0431,-100.921,85.24,24,0,16.11,clear sky,2022-05-16 00:38:51
523,Leh,IN,34.1667,77.5833,44.76,54,37,4.32,scattered clouds,2022-05-16 00:38:08
524,Cabedelo,BR,-6.9811,-34.8339,77.67,86,98,7.63,overcast clouds,2022-05-16 00:42:07
525,Concordia,AR,-31.393,-58.0209,49.78,76,0,4.0,clear sky,2022-05-16 00:42:08
526,Tarrega,ES,41.647,1.1396,61.59,64,38,3.44,scattered clouds,2022-05-16 00:42:09
527,Krasnoselkup,RU,65.7,82.4667,50.68,97,100,3.69,moderate rain,2022-05-16 00:42:10
528,Waipawa,NZ,-41.4122,175.5153,55.74,97,100,4.9,overcast clouds,2022-05-16 00:42:11
529,Sistranda,NO,63.7256,8.834,40.96,58,100,10.51,overcast clouds,2022-05-16 00:42:11
530,West Wendover,US,40.7391,-114.0733,78.01,21,0,0.0,clear sky,2022-05-16 00:42:12
531,Bustamante,MX,26.5333,-100.5,91.74,23,0,9.53,clear sky,2022-05-16 00:42:12
532,Mineros,BO,-17.1167,-63.2333,68.94,65,100,9.57,overcast clouds,2022-05-16 00:42:13
533,Baker City,US,44.7749,-117.8344,69.51,43,75,24.16,broken clouds,2022-05-16 00:42:13
534,Benguela,AO,-12.5763,13.4055,74.41,81,8,2.51,clear sky,2022-05-16 00:42:14
535,Haysville,US,37.5645,-97.3523,76.03,57,0,16.11,clear sky,2022-05-16 00:42:14
536,Dingle,PH,10.9995,122.6711,84.52,69,99,1.77,overcast clouds,2022-05-16 00:42:15
537,Cayenne,GF,4.9333,-52.3333,80.1,1,100,3.44,heavy intensity rain,2022-05-16 00:41:52
538,Lensk,RU,60.7253,114.9278,43.07,89,100,5.59,overcast clouds,2022-05-16 00:42:16
539,Varhaug,NO,58.6147,5.6457,48.47,86,10,8.05,clear sky,2022-05-16 00:42:16
540,Roma,US,43.2128,-75.4557,73.54,64,0,9.22,clear sky,2022-05-16 00:40:26
541,Marystown,CA,47.1666,-55.1483,40.86,100,100,9.95,overcast clouds,2022-05-16 00:42:17
542,Brainerd,US,46.358,-94.2008,69.82,26,20,16.11,few clouds,2022-05-16 00:42:18
543,Port-Cartier,CA,50.0334,-66.8654,43.02,85,100,12.53,overcast clouds,2022-05-16 00:42:18
544,Aswan,EG,24.0934,32.907,85.3,14,100,12.66,overcast clouds,2022-05-16 00:42:19
545,Palmer,US,42.1584,-72.3287,72.21,76,100,6.91,overcast clouds,2022-05-16 00:39:27
546,Mehamn,NO,71.0357,27.8492,37.31,85,100,11.12,overcast clouds,2022-05-16 00:42:19
547,Bulgan,MN,48.8125,103.5347,60.44,22,9,3.29,clear sky,2022-05-16 00:42:20
548,Santa Fe,AR,-31.6333,-60.7,52.95,71,0,1.01,light rain,2022-05-16 00:42:21
549,Maine-Soroa,NE,13.2114,12.0241,83.01,21,79,7.61,broken clouds,2022-05-16 00:42:21
550,Yelan-Kolenovskiy,RU,51.1632,41.151,44.71,96,98,8.97,overcast clouds,2022-05-16 00:42:22
551,Alenquer,BR,-1.9417,-54.7383,75.22,96,100,2.8,overcast clouds,2022-05-16 00:42:22
552,Tiznit,MA,29.5833,-9.5,60.04,76,0,1.43,clear sky,2022-05-16 00:42:23
553,Lewistown,US,40.5992,-77.5714,72.34,100,75,5.75,broken clouds,2022-05-16 00:42:23
554,Ussuriysk,RU,43.7986,131.9508,59.83,52,99,3.91,overcast clouds,2022-05-16 00:42:23
555,San Quintin,MX,30.4833,-115.95,65.44,74,0,13.02,clear sky,2022-05-16 00:42:24
556,Chapleau,CA,47.8405,-83.4034,59.09,33,20,9.22,few clouds,2022-05-16 00:43:24
557,Dawlatabad,AF,36.4141,64.9053,69.12,40,0,1.45,clear sky,2022-05-16 00:43:25
558,Gabu,GW,12.2833,-14.2167,76.98,78,86,7.43,overcast clouds,2022-05-16 00:43:25
559,Alice Springs,AU,-23.7,133.8833,69.22,32,40,12.66,scattered clouds,2022-05-16 00:43:26
560,Rosendal,NO,59.9867,6.0135,51.51,80,96,4.03,overcast clouds,2022-05-16 00:43:26
561,Novouralsk,RU,57.2439,60.0839,44.44,86,74,3.36,broken clouds,2022-05-16 00:43:27
562,Sakhipur,BD,24.3,90.1833,84.11,80,99,13.53,overcast clouds,2022-05-16 00:43:27
563,Poum,NC,-20.2333,164.0167,78.31,73,79,19.73,broken clouds,2022-05-16 00:43:28
564,Nouadhibou,MR,20.931,-17.0347,75.18,64,100,16.11,overcast clouds,2022-05-16 00:43:28
565,Batticaloa,LK,7.7102,81.6924,80.13,75,35,5.06,scattered clouds,2022-05-16 00:43:29
566,Yumen,CN,40.2833,97.2,58.44,9,5,10.54,clear sky,2022-05-16 00:43:30
567,Jalu,LY,29.0331,21.5482,70.92,34,0,9.71,clear sky,2022-05-16 00:43:30
568,Burriana,ES,39.889,-0.085,68.7,67,6,2.89,clear sky,2022-05-16 00:43:31
569,Piacabucu,BR,-10.4056,-36.4344,76.86,85,100,4.99,overcast clouds,2022-05-16 00:43:31
570,Hoquiam,US,46.9809,-123.8893,59.85,92,100,16.11,light rain,2022-05-16 00:43:32
571,Fargo,US,46.8772,-96.7898,68.04,34,40,17.27,scattered clouds,2022-05-16 00:39:01
572,Polignano A Mare,IT,40.9959,17.2159,70.11,66,99,1.41,overcast clouds,2022-05-16 00:43:32
573,Dulce Nombre,HN,14.85,-88.8333,76.62,53,40,9.22,scattered clouds,2022-05-16 00:43:37
574,Areia Branca,BR,-4.9561,-37.1369,78.37,86,100,13.11,overcast clouds,2022-05-16 00:43:38
575,Jaspur,IN,29.2833,78.8167,85.57,19,9,6.11,clear sky,2022-05-16 00:43:38
576,Belmonte,BR,-15.8631,-38.8828,75.33,84,100,5.19,overcast clouds,2022-05-16 00:43:39
577,Mandalgovi,MN,45.7625,106.2708,58.98,16,70,2.15,broken clouds,2022-05-16 00:43:40
578,Bakchar,RU,57.0186,82.0711,59.77,64,10,3.98,clear sky,2022-05-16 00:43:40
579,Conde,BR,-7.2597,-34.9075,76.46,100,75,4.61,broken clouds,2022-05-16 00:43:41
580,Naze,JP,28.3667,129.4833,59.92,86,100,11.77,overcast clouds,2022-05-16 00:43:41
581,Olafsvik,IS,64.8945,-23.7142,47.16,92,100,14.7,overcast clouds,2022-05-16 00:43:42
582,Gasa,PS,31.5,34.4667,63.19,79,31,1.57,scattered clouds,2022-05-16 00:43:46
583,Los Algarrobos,PA,8.5,-82.4333,79.21,87,100,3.44,overcast clouds,2022-05-16 00:43:47
584,Cumberland,US,35.0502,-78.8664,81.1,59,0,8.05,clear sky,2022-05-16 00:41:30
585,Rawson,AR,-43.3002,-65.1023,49.35,74,13,11.14,few clouds,2022-05-16 00:42:43
586,Bardiyah,LY,31.7561,25.0865,65.03,82,0,9.24,clear sky,2022-05-16 00:43:48
587,Nhulunbuy,AU,-12.2333,136.7667,83.01,57,0,3.44,clear sky,2022-05-16 00:43:48
588,Isiolo,KE,0.3546,37.5822,64.94,77,69,8.25,broken clouds,2022-05-16 00:43:49
589,Luanda,AO,-8.8368,13.2343,78.8,83,75,4.61,broken clouds,2022-05-16 00:43:49
590,Acarau,BR,-2.8856,-40.12,77.34,90,60,10.65,broken clouds,2022-05-16 00:43:50
591,Capao Bonito,BR,-24.0058,-48.3494,57.7,99,31,3.06,scattered clouds,2022-05-16 00:43:50
592,Saryg-Sep,RU,51.5,95.6,63.45,26,27,2.33,scattered clouds,2022-05-16 00:43:50
593,Necochea,AR,-38.5473,-58.7368,53.24,76,100,25.14,overcast clouds,2022-05-16 00:42:36
594,Eureka,US,40.8021,-124.1637,71.67,72,0,5.01,clear sky,2022-05-16 00:43:51
595,Kant,IN,27.8,79.8,88.43,21,39,5.82,scattered clouds,2022-05-16 00:43:51
596,Lokosovo,RU,61.1333,74.8167,54.34,69,95,7.38,overcast clouds,2022-05-16 00:43:52
597,Manono,CD,-7.3,27.4167,71.44,59,84,3.65,broken clouds,2022-05-16 00:43:52
598,Saint-Paul,RE,-21.0096,55.2707,71.69,70,0,4.63,clear sky,2022-05-16 00:43:52
599,Luba,GQ,3.4568,8.5547,80.55,83,100,3.74,light rain,2022-05-16 00:43:53
600,Houma,US,29.5958,-90.7195,82.0,75,0,8.05,clear sky,2022-05-16 00:40:47
601,Paso De Los Toros,UY,-32.8167,-56.5167,43.18,60,0,8.88,clear sky,2022-05-16 00:43:53
602,Pasco,US,28.292,-82.4165,80.46,67,90,5.17,overcast clouds,2022-05-16 00:43:54
603,Aklavik,CA,68.2191,-135.0107,32.23,99,100,7.49,overcast clouds,2022-05-16 00:42:41
604,Sorland,NO,67.667,12.6934,39.06,74,100,22.39,overcast clouds,2022-05-16 00:44:54
605,Nyurba,RU,63.2842,118.3319,43.34,60,19,8.63,few clouds,2022-05-16 00:44:55
606,Vao,NC,-22.6667,167.4833,73.89,74,55,17.27,broken clouds,2022-05-16 00:44:52
607,Jiwani,PK,25.05,61.7417,82.06,74,0,4.83,clear sky,2022-05-16 00:44:55
608,Esmeraldas,BR,-19.7625,-44.3139,68.86,73,97,1.57,overcast clouds,2022-05-16 00:44:56
609,Nicoya,CR,10.1483,-85.452,80.91,80,100,3.29,overcast clouds,2022-05-16 00:44:56
610,Aquiraz,BR,-3.9014,-38.3911,80.69,89,100,8.21,overcast clouds,2022-05-16 00:44:56
611,Salta,AR,-24.7859,-65.4117,50.59,87,100,5.75,light intensity drizzle,2022-05-16 00:44:57
612,Kochki,RU,54.3358,80.4806,59.4,54,47,8.46,scattered clouds,2022-05-16 00:44:57
613,Waingapu,ID,-9.6567,120.2641,82.83,71,49,5.66,scattered clouds,2022-05-16 00:44:58
614,Bousso,TD,10.4795,16.7117,83.05,52,89,2.42,overcast clouds,2022-05-16 00:44:58
615,Guarulhos,BR,-23.4628,-46.5333,68.27,85,20,9.22,few clouds,2022-05-16 00:44:58
616,Batesville,US,35.7698,-91.641,68.63,90,0,11.5,clear sky,2022-05-16 00:44:59
617,Merauke,ID,-8.4667,140.3333,83.16,56,6,4.34,clear sky,2022-05-16 00:44:59
618,Beyneu,KZ,45.3167,55.2,63.9,50,0,6.58,clear sky,2022-05-16 00:44:59
619,Okhotsk,RU,59.3833,143.3,32.92,98,100,38.56,snow,2022-05-16 00:45:00
620,Minab,IR,27.1467,57.0801,82.89,25,0,1.99,clear sky,2022-05-16 00:43:50
621,Oistins,BB,13.0667,-59.5333,80.69,83,75,21.85,broken clouds,2022-05-16 00:45:01
622,Jackson,US,42.4165,-122.8345,76.37,41,0,14.97,clear sky,2022-05-16 00:45:01
623,Sault Sainte Marie,CA,46.5168,-84.3333,62.89,42,0,6.91,clear sky,2022-05-16 00:42:29
624,Pemangkat,ID,1.1667,108.9667,83.66,75,99,3.58,overcast clouds,2022-05-16 00:45:02
625,Faya,SA,18.3851,42.4509,62.71,12,3,6.33,clear sky,2022-05-16 00:45:02
626,Omsukchan,RU,62.5333,155.8,35.55,96,100,7.27,overcast clouds,2022-05-16 00:45:03
627,Chernihiv,UA,51.0,32.0,42.62,91,4,7.67,clear sky,2022-05-16 00:45:03
628,Yokadouma,CM,3.5167,15.05,70.16,89,99,0.78,overcast clouds,2022-05-16 00:45:04
629,Goedereede,NL,51.8175,3.9806,65.05,60,100,1.01,overcast clouds,2022-05-16 00:45:04
630,La Paz,BO,-16.5,-68.15,48.18,36,100,2.3,overcast clouds,2022-05-16 00:44:39
631,Innisfail,AU,-17.5333,146.0333,79.27,59,0,2.86,clear sky,2022-05-16 00:45:05
632,Kargat,RU,55.1956,80.2811,59.23,55,100,6.31,overcast clouds,2022-05-16 00:45:05
633,Nogent-Le-Rotrou,FR,48.3333,1.0,61.65,98,55,13.22,broken clouds,2022-05-16 00:45:06
634,Andujar,ES,38.0392,-4.0508,66.94,77,98,6.62,overcast clouds,2022-05-16 00:45:06
635,Sosva,RU,59.1766,61.8558,47.1,85,53,3.76,broken clouds,2022-05-16 00:45:07
636,Kilindoni,TZ,-7.9139,39.6668,80.67,68,1,16.58,clear sky,2022-05-16 00:45:07
637,Marquette,US,46.5333,-87.6335,62.04,70,74,5.1,broken clouds,2022-05-16 00:41:07
638,Krasnyy Yar,RU,46.5331,48.3456,57.13,58,78,6.58,broken clouds,2022-05-16 00:45:08
639,Lodja,CD,-3.4833,23.4333,70.41,88,10,0.6,clear sky,2022-05-16 00:45:09
640,Stare Mesto,CZ,50.087,14.4202,55.15,73,0,2.3,clear sky,2022-05-16 00:45:09
641,Kavaratti,IN,10.5669,72.642,79.92,84,100,14.58,overcast clouds,2022-05-16 00:45:10
642,Del Rio,US,29.3627,-100.8968,100.51,15,0,10.36,clear sky,2022-05-16 00:44:19
643,Galbshtadt,RU,53.2264,78.9845,62.62,49,14,7.99,few clouds,2022-05-16 00:45:10
644,Liuzhou,CN,24.3126,109.3892,60.21,81,100,8.03,overcast clouds,2022-05-16 00:45:11
645,Krasnoarmeysk,RU,51.0239,45.6969,44.22,93,8,10.78,clear sky,2022-05-16 00:45:11
646,Priyutnoye,RU,46.1011,43.5072,54.48,88,34,12.19,scattered clouds,2022-05-16 00:45:12
647,Chumikan,RU,54.7183,135.315,43.34,60,94,12.68,overcast clouds,2022-05-16 00:45:12
648,Bubaque,GW,11.2833,-15.8333,78.89,86,38,12.19,scattered clouds,2022-05-16 00:42:40
649,Barra Patuca,HN,15.8,-84.2833,79.34,81,9,8.77,clear sky,2022-05-16 00:46:13
650,Praya,CV,14.9215,-23.5087,81.14,44,0,23.02,clear sky,2022-05-16 00:46:00
651,Erdenet,MN,49.0333,104.0833,59.81,22,10,4.81,clear sky,2022-05-16 00:46:13
652,Mutare,ZW,-18.9707,32.6709,53.06,96,45,3.15,scattered clouds,2022-05-16 00:46:14
653,Kemi,FI,65.8596,24.8228,38.97,70,0,6.91,clear sky,2022-05-16 00:46:14
654,Kokstad,ZA,-30.5472,29.4241,47.12,93,0,4.59,clear sky,2022-05-16 00:46:15
655,Karasjok,NO,69.4719,25.5112,33.87,100,100,9.13,light snow,2022-05-16 00:46:15
656,Yaan,NG,7.3833,8.5667,77.09,85,45,5.59,scattered clouds,2022-05-16 00:46:16
657,Lashio,MM,22.9333,97.75,68.36,97,100,0.47,overcast clouds,2022-05-16 00:46:17
658,Baykit,RU,61.67,96.37,62.65,40,65,1.9,broken clouds,2022-05-16 00:46:17
659,Anzio,IT,41.4853,12.6179,65.14,90,15,6.38,few clouds,2022-05-16 00:46:17
660,Mataram,ID,-8.5833,116.1167,85.01,73,75,5.7,broken clouds,2022-05-16 00:46:18
661,Morro Bay,US,35.3658,-120.8499,86.94,61,21,4.0,few clouds,2022-05-16 00:46:18
662,Kupang,ID,-10.1667,123.5833,83.71,70,8,5.46,clear sky,2022-05-16 00:46:19
663,Betong,TH,5.7743,101.0723,77.32,90,100,0.51,overcast clouds,2022-05-16 00:46:19
664,Yeppoon,AU,-23.1333,150.7333,76.78,76,26,8.41,scattered clouds,2022-05-16 00:46:20
665,Ternate,ID,0.8,127.4,83.93,71,88,3.87,overcast clouds,2022-05-16 00:46:20
666,Novikovo,RU,51.1537,37.8879,45.41,95,100,10.78,overcast clouds,2022-05-16 00:44:51
667,Kozhva,RU,65.1073,57.0459,42.06,97,100,3.71,overcast clouds,2022-05-16 00:46:21
668,Mayor Pablo Lagerenza,PY,-19.9309,-60.7718,68.7,52,100,4.79,overcast clouds,2022-05-16 00:46:21
669,Xiongzhou,CN,25.1167,114.3,60.89,90,100,3.76,overcast clouds,2022-05-16 00:46:21
670,Puerto Leguizamo,CO,-0.1934,-74.7819,73.87,95,84,1.86,broken clouds,2022-05-16 00:46:23
671,Camacari,BR,-12.6975,-38.3242,82.17,89,100,1.86,overcast clouds,2022-05-16 00:46:24
672,Seoul,KR,37.5683,126.9778,62.2,45,0,8.05,clear sky,2022-05-16 00:45:54
673,Hanmer Springs,NZ,-42.5167,172.8167,59.18,82,85,1.45,overcast clouds,2022-05-16 00:46:24
674,Antalaha,MG,-14.9003,50.2788,71.17,83,24,6.98,few clouds,2022-05-16 00:46:24
675,Kwinana,AU,-32.25,115.7667,59.18,70,95,3.0,overcast clouds,2022-05-16 00:46:17
676,Chamonix-Mont-Blanc,FR,45.9238,6.8693,57.42,79,95,4.92,overcast clouds,2022-05-16 00:46:25
677,Elliot Lake,CA,46.3834,-82.6331,53.24,57,19,5.7,few clouds,2022-05-16 00:42:26
678,Pacific Grove,US,36.6177,-121.9166,71.87,83,75,10.36,broken clouds,2022-05-16 00:46:25
679,Dejen,ET,10.1667,38.1333,57.69,26,50,2.33,scattered clouds,2022-05-16 00:46:26
680,Chaah,MY,2.249,103.048,80.83,86,92,1.77,overcast clouds,2022-05-16 00:46:26
681,Khanpur,PK,28.6453,70.6567,81.23,54,0,13.58,clear sky,2022-05-16 00:44:37
682,Dunedin,NZ,-45.8742,170.5036,56.8,64,0,7.0,clear sky,2022-05-16 00:46:27
683,Dasoguz,TM,41.8363,59.9666,60.75,59,0,6.91,clear sky,2022-05-16 00:46:28
684,Ville-Marie,CA,47.3335,-79.433,61.03,88,100,2.33,overcast clouds,2022-05-16 00:46:28
685,Kamenskiy,RU,50.8855,45.488,44.01,95,7,9.26,clear sky,2022-05-16 00:46:29
686,Kulgam,IN,33.65,75.0167,59.74,51,100,0.98,overcast clouds,2022-05-16 00:46:29
687,Teya,RU,60.3778,92.6267,58.68,67,100,4.27,overcast clouds,2022-05-16 00:46:30
688,Lavrentiya,RU,65.5833,-171.0,31.78,76,62,10.69,broken clouds,2022-05-16 00:46:30
689,Dongying,CN,37.4564,118.4856,72.18,22,0,11.61,clear sky,2022-05-16 00:46:31
